"Wells","Strain","OD.k","OD.n0","OD.r","OD.t_mid","OD.t_gen","OD.auc_l","OD.auc_e","OD.sigma","OD.note","OD.AUC","OD.max_gr","OD.max_val"
"bactExtract_738_1-3_final_A03-A03.1-A03.2",NA,128.136228870672,1.41742589027819,0.106118009793363,42.3408620019439,6.53185243399934,4146.46832885388,4148.58333333333,2.21751055220983,"",4100.5,0.866840316630988,137.333333333333
"bactExtract_738_1-3_final_A05-A05.1-A05.2",NA,217.56250040532,3.75582681295079,0.0683278895187659,59.1524747787216,10.1444254380135,4240.11628698752,4222.70833333333,2.28609546383359,"",4103.25,1.26363945414917,171
"bactExtract_738_1-3_final_A07-A07.1-A07.2",NA,158.142442454135,3.33179841146235,0.0667438556354244,57.5137660313291,10.3851833844621,3296.89625048356,3264.04166666667,2.58542571403656,"",3263.91666666667,1.25171479325735,133.666666666667
"bactExtract_738_1-3_final_B03-B03.1-B03.2",NA,156.871883051148,2.71642608818687,0.0799424621189196,50.5193906821851,8.67057583901837,3996.80023630396,3945.625,3.04432599696772,"",3945.625,1.13047155217132,154.333333333333
"bactExtract_738_1-3_final_B06-B06.1-B06.2",NA,305.94129129255,3.0222759200295,0.0648366071108132,71.0625607297296,10.6906763238748,3778.93872503204,3768.75,3.23252024760125,"",3768.75,0.845388679352206,178.333333333333
"bactExtract_738_1-3_final_B12-B12.1-B12.2",NA,117.427512492687,5.34743378018751,0.0573452478118763,53.0575233665799,12.0872645425449,2947.7451991896,2916.95833333333,3.31727344983223,"",2771.70833333333,0.7417465259048,108
"bactExtract_738_1-3_final_C03-C03.1-C03.2",NA,148.065602722851,2.14997916844511,0.0563852579438154,74.7991679845236,12.2930568350086,1759.71431975534,1738.875,2.14661446746015,"",1738.875,0.892735039830216,86.3333333333333
"bactExtract_738_1-3_final_C10-C10.1-C10.2",NA,213.874412245604,6.81776399832653,0.0534690556387556,63.8399317037472,12.9635201572091,3943.22497664233,3912.16666666667,3.37593358894295,"",3912.04166666667,0.970421379179796,150.333333333333
"bactExtract_738_1-3_final_D01-D01.1-D01.2",NA,85.6274153270327,6.05936495868843,0.0599123054942612,42.9796118085787,11.569362501437,2795.48552043765,2771.58333333333,3.42651640604558,"",2463.29166666667,1.0315022719975,88.3333333333333
"bactExtract_738_1-3_final_D03-D03.1-D03.2",NA,149.320684550928,4.5443324786865,0.0844843792107636,40.9698140302839,8.20444189843364,5053.19247485403,4988.625,4.2596704243713,"",4988.625,1.31815428235279,160
"bactExtract_738_1-3_final_D05-D05.1-D05.2",NA,87.0919708238355,2.59777963486154,0.0829757859444481,41.9643593062705,8.35360789500691,2870.10093962352,2833.04166666667,2.79590675139746,"",2746.25,0.878672737945132,96.3333333333333
"bactExtract_738_1-3_final_D06-D06.1-D06.2",NA,102.382687775884,2.35356894728382,0.0653308788888277,57.3928977933951,10.609794209863,2158.46871719559,2119.91666666667,3.09840472908492,"",2119.91666666667,1.04309297281536,91.6666666666667
"bactExtract_738_1-3_final_E01-E01.1-E01.2",NA,125.079919903013,6.07354343031575,0.0574518441532336,51.7865861994487,12.0648377919986,3255.03650143448,3231.54166666667,2.86694825029394,"",2963.58333333333,1.12381200711751,113.333333333333
"bactExtract_738_1-3_final_E05-E05.1-E05.2",NA,63.0633567321642,2.63173645152127,0.0868925930178661,36.0660039900281,7.97705715166569,2418.12224126911,2394.08333333333,2.18202769577373,"",2394.08333333333,1.10184642738698,76.6666666666667
"bactExtract_738_1-3_final_E10-E10.1-E10.2",NA,159.939734960382,3.95869902372083,0.0736384600529305,49.8899486869406,9.41284187721632,4210.19791479387,4157.08333333333,3.4759985294124,"",4157.08333333333,1.07324930228608,154.333333333333
"bactExtract_738_1-3_final_E11-E11.1-E11.2",NA,78.2733704051884,2.58502249310377,0.0832187792268025,40.5784613294162,8.32921591736954,2677.86842758685,2640.625,3.09007606016625,"",2640.625,1.04309297281536,93
"bactExtract_738_1-3_final_E12-E12.1-E12.2",NA,64.4087024120402,4.49298639701957,0.0731378583934546,35.418335947873,9.4772693073821,2502.64085298791,2486.66666666667,2.39461036775396,"",2089.45833333333,0.892735039830214,79.3333333333333
"bactExtract_738_1-3_final_F02-F02.1-F02.2",NA,52.7577610966978,0.698905221089335,0.0888045891547518,48.540453836995,7.80530811703954,1418.11955686563,1390.95833333333,2.07543740562434,"",1390.95833333333,1.05896099864405,65.3333333333333
"bactExtract_738_1-3_final_F05-F05.1-F05.2",NA,207.12274824311,3.54176066452102,0.0537909658468256,75.3182224734061,12.8859404111416,2518.75495434681,2485.04166666667,3.00530168835365,"",2440,1.19828200211367,114.666666666667
"bactExtract_738_1-3_final_F06-F06.1-F06.2",NA,68.6363577610383,0.190820756320868,0.0966963488546088,60.8343454392663,7.16828700122019,1103.82686897364,1092.16666666667,1.3067209816551,"",1092.16666666667,1.103022245402,68
"bactExtract_738_1-3_final_F12-F12.1-F12.2",NA,64.6612700437712,5.82733685383029,0.0570202120661929,40.5498086399084,12.156166303894,2241.02099268464,2233.04166666667,2.47917759128934,"",1938.25,1.25485630952971,71.3333333333333
"bactExtract_738_1-3_final_G04-G04.1-G04.2",NA,27.1834650191496,1.8649060273167,0.0866463032236913,30.1031541154057,7.99973172277732,1191.18983915571,1172.95833333333,2.36697762319773,"",1172.95833333333,1.52801372876724,41.6666666666667
"bactExtract_738_1-3_final_G05-G05.1-G05.2",NA,66.5572637379452,2.18509527605862,0.065158459364736,51.919919128551,10.6378693928279,1679.92195193016,1658.70833333333,2.05044635632587,"",1635.58333333333,1.15093564163566,69.3333333333333
"bactExtract_738_1-3_final_G06-G06.1-G06.2",NA,88.851220130697,2.71741576400868,0.075714075506205,45.6483234701551,9.15479949964045,2652.20192024101,2621.375,2.51015278302231,"",2621.375,1.17941064274909,95
"bactExtract_738_1-3_final_G12-G12.1-G12.2",NA,406.488181180677,5.42265796616345,0.0495114108597639,86.9201390923601,13.9997460893048,3438.26164331109,3424.83333333333,2.37375207895582,"",3135.58333333333,1.01216840946837,158.666666666667
"bactExtract_738_1-3_final_H01-H01.1-H01.2",NA,101.476057114173,6.53946093838903,0.0671762189121247,39.8259170683424,10.3183416956925,3558.31716464519,3531.45833333333,3.13749552987141,"",3147.45833333333,0.729417638590718,113
"bactExtract_SC2_1-3_final_A03-A03.1-A03.2",NA,156.458438797239,3.97421229373372,0.0930259602294862,39.2066320580415,7.45111556870811,5540.60148022514,5543.375,2.29988034495781,"",5420.5,0.721177222150525,170
"bactExtract_SC2_1-3_final_A05-A05.1-A05.2",NA,181.611955263551,2.87425724090203,0.0888977532823081,46.4592738801695,7.79712821716374,5222.23275873684,5211.83333333333,3.0600698109692,"",5137.625,1.15093564163566,176.666666666667
"bactExtract_SC2_1-3_final_A07-A07.1-A07.2",NA,199.524804601094,6.02714805936395,0.0704483695771644,49.2416145626846,9.8390805169837,5394.41137632402,5357.66666666667,2.90962374814598,"",5283.125,1.05896099864405,187.666666666667
"bactExtract_SC2_1-3_final_B03-B03.1-B03.2",NA,165.634641071092,5.19522483673185,0.0757555014655777,45.2795695750493,9.14979331071952,4997.04634828644,4943.95833333333,3.74574364229505,"",4920,0.873171574111986,166
"bactExtract_SC2_1-3_final_B06-B06.1-B06.2",NA,273.287639629001,10.2190223828251,0.0520966812134679,62.3487696648793,13.3050160665658,5355.06956823723,5322.625,4.16767560973652,"",5201.41666666667,0.783119394793309,192.333333333333
"bactExtract_SC2_1-3_final_B12-B12.1-B12.2",NA,186.280031016117,8.09936209291686,0.0595049038242676,51.9455124908164,11.6485724034943,4789.00287685367,4751.58333333333,3.77160839102493,"",4282.45833333333,1.08793086286249,168.333333333333
"bactExtract_SC2_1-3_final_C03-C03.1-C03.2",NA,138.614333611251,2.47174561973832,0.0674719379414063,59.4140063301143,10.2731180059166,2687.92023709987,2658.20833333333,2.25237694426705,"",2658.20833333333,0.908393458125379,118
"bactExtract_SC2_1-3_final_C10-C10.1-C10.2",NA,170.032631963867,4.29706210331759,0.0711912220225674,51.3049489029655,9.73641357554194,4301.86616565034,4258.45833333333,2.95421128565772,"",4258.45833333333,0.717492977698895,160
"bactExtract_SC2_1-3_final_D01-D01.1-D01.2",NA,79.448470935313,6.31574352687024,0.0666182347719721,36.7651663788013,10.4047665467649,2992.02947950584,2963.83333333333,3.82201325781911,"",2633.875,1.09337032089592,90
"bactExtract_SC2_1-3_final_D03-D03.1-D03.2",NA,163.026011454005,5.93230608552404,0.0844003280999087,38.8201032929533,8.21261239339537,5837.96495831425,5771.625,4.66960880038465,"",5748.16666666667,0.7417465259048,174.666666666667
"bactExtract_SC2_1-3_final_D05-D05.1-D05.2",NA,112.57709177126,2.9583347458501,0.0787558526849591,45.8681082522262,8.80121485488434,3327.79873047307,3288.45833333333,2.78689499679169,"",3288.45833333333,1.01530499980331,116
"bactExtract_SC2_1-3_final_D06-D06.1-D06.2",NA,161.763186480308,3.34016480267562,0.0774759499852398,49.8122147652151,8.94661092496445,4237.60527548238,4190.70833333333,2.88590565061469,"",4190.70833333333,1.10521262091102,156.666666666667
"bactExtract_SC2_1-3_final_E01-E01.1-E01.2",NA,99.5280815411938,5.02537799340175,0.0725451811564193,40.44552267437,9.55469639072795,3429.64045221636,3406.20833333333,2.68704932106521,"",2943.875,1.09794518790935,108
"bactExtract_SC2_1-3_final_E05-E05.1-E05.2",NA,67.3039479703532,3.0024732284901,0.0737137886489175,41.5681552115127,9.4032228334003,2251.99589438019,2227.20833333333,2.50426396615137,"",2227.20833333333,1.0315022719975,77
"bactExtract_SC2_1-3_final_E10-E10.1-E10.2",NA,168.70807460432,4.24715722633737,0.0732330079024388,49.9286208660191,9.46495576807876,4439.25381906218,4385.625,3.46363400896916,"",4385.625,0.668336745773012,162.666666666667
"bactExtract_SC2_1-3_final_E11-E11.1-E11.2",NA,136.674871946686,5.08629668542722,0.0641706864179233,50.6949572078483,10.8016170505906,3591.16156900804,3560.125,2.82679006106329,"",3560.125,1.05896099864405,129
"bactExtract_SC2_1-3_final_E12-E12.1-E12.2",NA,71.4588778975749,3.57612478169078,0.0775705678930056,37.9461221846991,8.93569815701253,2617.34178020112,2601.70833333333,2.09136064378897,"",2454.66666666667,0.793946791841202,84.6666666666667
"bactExtract_SC2_1-3_final_F02-F02.1-F02.2",NA,111.302673017864,2.28170720627704,0.0743344326164433,52.0164900312357,9.3247120636072,2729.40971091972,2704.70833333333,2.01436845111791,"",2458.375,0.802827418722508,108
"bactExtract_SC2_1-3_final_F05-F05.1-F05.2",NA,171.397922200209,2.55017507672064,0.0721870286849773,58.0829473978811,9.60210155739787,3411.62012920233,3371,2.45857755840751,"",3326.79166666667,1.17716997018013,147
"bactExtract_SC2_1-3_final_F06-F06.1-F06.2",NA,82.7754639848577,0.438557393668594,0.0953505068545853,54.9035784809227,7.26946508650481,1742.09904642676,1740.70833333333,1.8072604993382,"",1719,1.12913329466852,80.6666666666667
"bactExtract_SC2_1-3_final_F12-F12.1-F12.2",NA,92.7091110328919,6.46715242214149,0.0612014069178725,42.3261662944531,11.3256739586084,3071.20323132512,3060.5,2.81933568949613,"",2838.66666666667,0.96482204899036,97.3333333333333
"bactExtract_SC2_1-3_final_G04-G04.1-G04.2",NA,25.2094411051014,2.43730219418623,0.099258957493202,22.5132934909652,6.98322043738387,1286.1851680604,1273.875,2.10142725852855,"",1202.125,1.05896099864405,40.6666666666667
"bactExtract_SC2_1-3_final_G05-G05.1-G05.2",NA,58.3503134375232,1.85255227126953,0.0724485065783102,47.1733218392479,9.5674460840779,1672.72214921881,1657.25,1.72842741653668,"",1565.70833333333,0.892735039830214,67.6666666666667
"bactExtract_SC2_1-3_final_G06-G06.1-G06.2",NA,92.2590922370916,1.84617435445082,0.0894213777615401,43.5161218720258,7.75147059809747,2900.35734313165,2876.25,1.89120823935761,"",2876.25,0.941425954435247,99.6666666666667
"bactExtract_SC2_1-3_final_G12-G12.1-G12.2",NA,326.727228732886,5.71354500540513,0.0568104557463697,70.9137785487808,12.2010494626993,4500.59982482129,4491,2.16670047767725,"",4222.08333333333,0.836517897963318,191.333333333333
"bactExtract_SC2_1-3_final_H01-H01.1-H01.2",NA,167.771389315611,8.57921998622866,0.0695871475019007,41.9728238726837,9.96085060881412,5569.09298341556,5532.16666666667,4.05213359010167,"",5128.95833333333,0.827326703900161,168
"bactExtract_SC3_1-3_final_A03-A03.1-A03.2",NA,235.913813826609,0.376033120239954,0.123436186512575,52.1722969891669,5.61542931731234,5382.10610748089,5451.875,3.6915085804443,"",5355.5,0.720015235279943,227
"bactExtract_SC3_1-3_final_A05-A05.1-A05.2",NA,81.4526532179547,0.151879625592635,0.144917616243896,43.354443051215,4.78304293519003,2541.96568942179,2563.79166666667,3.45242787855902,"",2388.04166666667,1.07884863247551,103.666666666667
"bactExtract_SC3_1-3_final_A07-A07.1-A07.2",NA,111.413296902655,0.680857929452023,0.115394343837686,44.1227730712413,6.00676911456706,3407.08136903957,3389.25,2.24315681018447,"",3389.08333333333,1.38323269594332,124.666666666667
"bactExtract_SC3_1-3_final_B03-B03.1-B03.2",NA,146.43365078239,1.6798330840248,0.093274214510366,47.7767631729071,7.43128402848048,4019.80411586755,3956.625,3.48867333880489,"",3956.625,1.37961049491065,152.666666666667
"bactExtract_SC3_1-3_final_B06-B06.1-B06.2",NA,191.713091902874,3.23972593069735,0.0657507207069411,61.8011167284946,10.5420468872027,3435.66382745273,3373.29166666667,4.20882580471648,"",3330.04166666667,0.971959822101,150.333333333333
"bactExtract_SC3_1-3_final_B12-B12.1-B12.2",NA,127.6734786025,1.14354579300105,0.123868002435179,37.9948415298852,5.59585338370718,4662.6096942689,4669.125,3.08101052635629,"",4364.29166666667,0.892735039830216,142
"bactExtract_SC3_1-3_final_C03-C03.1-C03.2",NA,66.537132154931,0.151778688650222,0.126090244127715,48.2258425998016,5.49723085521088,1765.87376369259,1776.25,2.1099446418359,"",1736.5,1.47925460358692,79.3333333333333
"bactExtract_SC3_1-3_final_C10-C10.1-C10.2",NA,178.611076777,3.53325837454949,0.0690869854945658,56.4941432348627,10.0329631637274,3819.18442831205,3759.29166666667,3.9320119439814,"",3691.75,1.05896099864405,157.666666666667
"bactExtract_SC3_1-3_final_D01-D01.1-D01.2",NA,74.8059911244435,4.25165872006697,0.0568387662040249,49.4217957063537,12.1949723199808,2082.53180959692,2064.70833333333,2.83854315446189,"",1599.54166666667,0.913199129294558,76.3333333333333
"bactExtract_SC3_1-3_final_D03-D03.1-D03.2",NA,176.61479264066,1.37922411724771,0.14884781106312,32.5474055197966,4.65675091631688,7402.44725727395,7351.29166666667,3.17786606219742,"",7285.91666666667,0.811909649109479,190.333333333333
"bactExtract_SC3_1-3_final_D05-D05.1-D05.2",NA,78.8069012002924,1.15761238737935,0.119928591524348,35.0695588101289,5.77966581404589,3103.44802318964,3061.41666666667,2.80280340899389,"",3061.41666666667,1.02157081277915,93.6666666666667
"bactExtract_SC3_1-3_final_D06-D06.1-D06.2",NA,94.5325513650713,0.572794606222311,0.110151746133897,46.3006246374505,6.29265721959031,2698.12978581867,2688.25,2.46730973243958,"",2688.25,1.19155244498903,104.666666666667
"bactExtract_SC3_1-3_final_E01-E01.1-E01.2",NA,44.3283529452879,1.59110213015878,0.079680049054041,41.2982173542443,8.69913094669201,1489.58831881763,1481.83333333333,1.93869568472676,"",1156.83333333333,2.02074385214704,56
"bactExtract_SC3_1-3_final_E05-E05.1-E05.2",NA,90.8157185268931,1.16845068752099,0.120758744019778,35.9411162013625,5.73993366845901,3499.12572389189,3452.95833333333,2.82869632723136,"",3452.95833333333,0.999427249759113,106.333333333333
"bactExtract_SC3_1-3_final_E10-E10.1-E10.2",NA,183.956339664552,2.40137053342616,0.0934385921999054,46.2926370815445,7.41821087240917,5299.33018365025,5219.375,4.17120073697836,"",5219.375,0.789579986859041,190.333333333333
"bactExtract_SC3_1-3_final_E11-E11.1-E11.2",NA,80.4316597511957,1.39122422063195,0.0750026088384214,53.8617993754206,9.24164094149307,1848.0533505036,1811.25,2.60684491829966,"",1674.95833333333,1.04131999659875,82.3333333333333
"bactExtract_SC3_1-3_final_E12-E12.1-E12.2",NA,64.7030180767852,3.44325376000317,0.0775907756187604,37.1011418093473,8.93337094560957,2418.80501772223,2399.33333333333,2.77337807760627,"",2032.125,1.04964616145058,77
"bactExtract_SC3_1-3_final_F02-F02.1-F02.2",NA,113.422869879286,0.874889604237227,0.0872830384806438,55.6469764776119,7.94137317657267,2357.52117723857,2351.16666666667,2.15923967167553,"",2232.83333333333,1.09337032089592,104
"bactExtract_SC3_1-3_final_F05-F05.1-F05.2",NA,179.281589000602,0.15779981504927,0.120420381967381,58.4162336493316,5.75606196588633,3082.71311152829,3107.41666666667,2.27569988989668,"",3086.95833333333,1.09337032089592,163.333333333333
"bactExtract_SC3_1-3_final_F06-F06.1-F06.2",NA,23.7582000195704,0.111716866540469,0.089201389449814,60.0327194313353,7.77058726142288,407.196019554879,401.125,1.10742248023426,"",401.125,0.994024520015295,33
"bactExtract_SC3_1-3_final_F12-F12.1-F12.2",NA,63.796223127518,3.35918353132312,0.0574452192965533,50.307131610016,12.0662291666373,1730.38557601545,1717.04166666667,2.5393750564562,"",1594.625,1.34613146466793,69
"bactExtract_SC3_1-3_final_G04-G04.1-G04.2",NA,32.7668912937772,2.27552024713592,0.0793409686924008,32.7098983480219,8.73630851732132,1354.33664293621,1337.91666666667,2.34218495406915,"",1075.70833333333,0.802827418722508,47
"bactExtract_SC3_1-3_final_G05-G05.1-G05.2",NA,127.584295473647,1.86386775391402,0.0679259126873944,62.0000038452343,10.2044588454765,2236.09864997387,2212.70833333333,2.07686378084836,"",2167.08333333333,0.994024520015295,101.333333333333
"bactExtract_SC3_1-3_final_G06-G06.1-G06.2",NA,129.257378776811,1.44796469850902,0.0848021961407506,52.8333167244284,8.17369374974078,3008.62552921682,2967.70833333333,2.43289543241578,"",2945.41666666667,0.911299902690035,128
"bactExtract_SC3_1-3_final_G12-G12.1-G12.2",NA,152.178719129281,1.34663906718122,0.0849023298689305,55.5762752837717,8.16405370300207,3191.47757305954,3241.125,4.06463199724982,"",2901.45833333333,1.03823182912215,140.333333333333
"bactExtract_SC3_1-3_final_H01-H01.1-H01.2",NA,160.925897259644,1.59723260878888,0.105304017929853,43.7086515814208,6.58234314498501,4998.44879573084,5017.41666666667,3.7313763242431,"",4648.70833333333,1.00543885234373,167.333333333333
"bactExtract_SC4_1-3_final_A03-A03.1-A03.2",NA,169.419628775245,2.02073907943293,0.0884994527684944,49.9089662344429,7.8322199615533,4348.97593630897,4358.33333333333,1.88498095296143,"",4116.58333333333,1.24084326274337,162.333333333333
"bactExtract_SC4_1-3_final_A05-A05.1-A05.2",NA,143.521138391143,0.975159561250665,0.0845328879452311,58.9689870545986,8.19973382441441,2621.98082680066,2621.54166666667,1.79919394119408,"",2502.29166666667,1.42695685538867,127.666666666667
"bactExtract_SC4_1-3_final_A07-A07.1-A07.2",NA,137.65123908969,2.71403005311142,0.0764313768685656,51.1095714524605,9.0688825579043,3462.50944524943,3444.08333333333,1.89504032090255,"",3344.875,0.96482204899036,132.333333333333
"bactExtract_SC4_1-3_final_B03-B03.1-B03.2",NA,125.326479747064,2.47871078108959,0.0792523195180422,49.2503864016683,8.74608067972252,3333.3690419567,3294.95833333333,2.57860191857074,"",3270.625,0.823556588244413,127.333333333333
"bactExtract_SC4_1-3_final_B06-B06.1-B06.2",NA,86.3186838606594,3.81277126891144,0.0628016158563998,48.9559643445768,11.0370915000798,2394.63024646302,2359.91666666667,3.27169798935854,"",2314.125,0.816528530631517,90.6666666666667
"bactExtract_SC4_1-3_final_B12-B12.1-B12.2",NA,134.121969678614,3.74656634717747,0.0674970492407869,52.5886430161487,10.269296041183,3290.4170594936,3265.45833333333,2.39276147335188,"",2810.41666666667,1.23016042390644,128
"bactExtract_SC4_1-3_final_C03-C03.1-C03.2",NA,220.740360608506,1.33985767084289,0.0540121225012698,94.3924291721384,12.8331779693281,1175.76615573687,1164.08333333333,1.48616118859585,"",1164.08333333333,1.07324930228608,69.6666666666667
"bactExtract_SC4_1-3_final_C10-C10.1-C10.2",NA,125.277023781367,3.19190487146409,0.073783257483227,49.3892618023433,9.39436945729208,3349.29756460775,3305.625,3.23391700754121,"",3184.25,0.769626225958091,128.333333333333
"bactExtract_SC4_1-3_final_D01-D01.1-D01.2",NA,62.6276983457568,5.12683239692063,0.0631257829039122,38.2935766414918,10.9804132111126,2278.89693720703,2263.41666666667,2.5605743222434,"",1713.08333333333,1.15093564163566,72
"bactExtract_SC4_1-3_final_D03-D03.1-D03.2",NA,152.21798855595,2.63826823916682,0.105241100669862,38.3662536724557,6.58627832803007,5506.83040108762,5438.70833333333,3.8647200537288,"",5438.70833333333,0.748981104308949,166
"bactExtract_SC4_1-3_final_D05-D05.1-D05.2",NA,51.7473931477466,1.09644526958385,0.10667724557816,35.9297294388719,6.49761040232421,1993.38119371167,1970,1.94816815927687,"",1970,1.19155244498903,65.6666666666667
"bactExtract_SC4_1-3_final_D06-D06.1-D06.2",NA,101.394494909453,2.0277044233187,0.0778298771639321,50.0053934643632,8.90592669316409,2637.80634206057,2591.33333333333,3.07445855582895,"",2591.33333333333,0.761552114706426,103.666666666667
"bactExtract_SC4_1-3_final_E01-E01.1-E01.2",NA,56.1322893211766,2.86246364770861,0.0688182703708998,42.4841740913906,10.0721389367125,1839.87528266931,1830.33333333333,1.72812619242805,"",1380.75,1.17088940253661,65.6666666666667
"bactExtract_SC4_1-3_final_E05-E05.1-E05.2",NA,87.1538056792756,0.59098457318231,0.144282187605357,34.5630729162971,4.80410778394804,3478.44149306907,3444.375,2.22317518773355,"",3444.375,1.12381200711751,103
"bactExtract_SC4_1-3_final_E10-E10.1-E10.2",NA,156.368971374761,3.69227854768522,0.0799435231525187,46.5588538004313,8.67046076062395,4521.45142713757,4454.5,4.2911629654041,"",4322.16666666667,1.06670683023558,160.333333333333
"bactExtract_SC4_1-3_final_E11-E11.1-E11.2",NA,40.4829503062474,1.55880947448015,0.0742329088832729,43.3459003689375,9.33746489242231,1291.27626579685,1272.375,2.13761187143514,"",1272.375,0.970421379179796,53
"bactExtract_SC4_1-3_final_E12-E12.1-E12.2",NA,41.2710189740766,2.98137546339143,0.0851380526592584,29.9841800057535,8.14144978549223,1811.69736708467,1796.08333333333,2.36572505362896,"",1496.95833333333,0.825494452543524,61.6666666666667
"bactExtract_SC4_1-3_final_F02-F02.1-F02.2",NA,34.6685538917109,0.588410590252774,0.0813180996093808,49.915642622392,8.5238979254255,899.1626912903,887.458333333333,1.68432426550482,"",863.041666666667,1.0315022719975,45
"bactExtract_SC4_1-3_final_F05-F05.1-F05.2",NA,824.973609684167,0.942335568317762,0.0618207414116967,109.568442026733,11.2122107359392,1430.31785889193,1413.70833333333,1.49956739069532,"",1413.70833333333,0.942434073570554,97.6666666666667
"bactExtract_SC4_1-3_final_F06-F06.1-F06.2",NA,5.82723072745509,0.157526643222271,0.0735611304459119,48.7118343156749,9.42273693128742,159.175252502637,155.041666666667,0.854551180065348,"",155.041666666667,0.93065684761701,18.6666666666667
"bactExtract_SC4_1-3_final_F12-F12.1-F12.2",NA,27.0576554930484,2.41461701688906,0.102891878605645,22.5766483023952,6.736655895035,1381.59778059147,1373,2.07774377023119,"",985.208333333333,0.86060056371451,47
"bactExtract_SC4_1-3_final_G04-G04.1-G04.2",NA,21.7939796411207,1.09983830622152,0.079285436903166,37.014205544969,8.74242745747254,816.455074483763,806.375,1.58026266730327,"",806.333333333333,0.892735039830216,34
"bactExtract_SC4_1-3_final_G05-G05.1-G05.2",NA,46.8438089438019,1.04856705360242,0.081867931094146,46.1322965554269,8.46665075440643,1369.41127454543,1357.20833333333,1.41944653802633,"",1357.16666666667,0.892735039830216,58.6666666666667
"bactExtract_SC4_1-3_final_G06-G06.1-G06.2",NA,63.0546973243374,0.893399754316535,0.0960674849779398,44.1611823871183,7.21521106458772,1938.29966199673,1911.29166666667,2.0020149680119,"",1911.29166666667,0.874914427882652,75
"bactExtract_SC4_1-3_final_G12-G12.1-G12.2",NA,12580269909.1,1.92924849713116,0.0538668670105324,419.520685906347,12.8677834637091,1945.3726666714,1986.16666666667,2.44400005526791,"",1557.33333333333,1.25485630952971,125.666666666667
"bactExtract_SC4_1-3_final_H01-H01.1-H01.2",NA,105.171901372788,3.83663936611309,0.0760527154207443,43.0469524863307,9.11403592528244,3377.58380353609,3359.20833333333,2.23459691363578,"",3051.5,1.25819999611573,115
"bactExtract_SC5_1-3_final_A03-A03.1-A03.2",NA,314.36325340318,0.0595654437365665,0.118175070378312,72.5283202820932,5.86542642488796,2171.29420374021,2261.5,2.95789756010724,"",2014.95833333333,1.09337032089592,181.666666666667
"bactExtract_SC5_1-3_final_A05-A05.1-A05.2",NA,114.881045770338,0.020053805325137,0.106311305988263,81.393591233946,6.51997615979309,423.842428117693,443.958333333333,1.4798980887677,"",342.833333333333,2.20510494745418,50.6666666666667
"bactExtract_SC5_1-3_final_A07-A07.1-A07.2",NA,57.4370312480138,0.0577440746228447,0.111606912324227,61.8368323486463,6.21061156630065,838.905547670511,860.25,1.59370719601913,"",835.416666666667,1.0315022719975,61.3333333333333
"bactExtract_SC5_1-3_final_B03-B03.1-B03.2",NA,6008717.33344158,0.102977098105118,0.0602280236929031,296.904487513777,11.5087153464347,150.210488699883,153.666666666667,1.04992142199759,"",153.666666666667,1.65803382267596,21.6666666666667
"bactExtract_SC5_1-3_final_B06-B06.1-B06.2",NA,99.9915205552781,2.38880042504847,0.0524163089641586,70.7816729334703,13.2238838303916,1471.09377565402,1441.375,3.40571135338962,"",1420.95833333333,1.34613146466793,71.6666666666667
"bactExtract_SC5_1-3_final_B12-B12.1-B12.2",NA,51376005.2669837,1.59922800073743,0.0309276576721166,558.890069745546,22.4118873762906,466.167319653166,471.791666666667,1.57289891488399,"",83.625,1.19155244498903,32
"bactExtract_SC5_1-3_final_C03-C03.1-C03.2",NA,26.8794606576548,0.035355158215705,0.096143931596272,68.983628307503,7.20947405677783,277.274386696449,273.833333333333,1.09080523896364,"",273.833333333333,1.02706442266026,31.3333333333333
"bactExtract_SC5_1-3_final_C10-C10.1-C10.2",NA,98.2381921810877,2.24774761591496,0.0778096694463767,48.2500442710853,8.90823962486609,2703.49928173375,2655.41666666667,3.37959343771548,"",2655.41666666667,1.27404445550778,107.666666666667
"bactExtract_SC5_1-3_final_D01-D01.1-D01.2",NA,42.0551384578051,1.24593816113135,0.0494579702944987,70.5451263660521,14.0148731626588,651.046369235092,656.333333333333,1.66289029417985,"",238.083333333333,1.34613146466793,36.3333333333333
"bactExtract_SC5_1-3_final_D03-D03.1-D03.2",NA,177.773107956815,0.274692785128189,0.121560247371147,53.2333864975081,5.70208761128655,3884.65507049877,3848.5,1.81087656681322,"",3827.79166666667,0.939527629005896,180.666666666667
"bactExtract_SC5_1-3_final_D05-D05.1-D05.2",NA,37.3765490305154,0.0109263222713579,0.131277246198687,61.9858494296702,5.28002529479385,517.999788752903,510.041666666667,1.14308464202772,"",510.041666666667,0.915531231236021,45.3333333333333
"bactExtract_SC5_1-3_final_D06-D06.1-D06.2",NA,54.5641419880873,0.0351465621388769,0.104436144075303,70.3488349015094,6.63704301510937,487.239979230966,474.666666666667,1.11858123932402,"",413.833333333333,0.96482204899036,46
"bactExtract_SC5_1-3_final_E01-E01.1-E01.2",NA,46.448960170068,1.20616629831143,0.0386467453568917,93.7878828159134,17.9354606489868,435.123324653554,439.833333333333,1.54856778366798,"",117.291666666667,1.23342765215442,27.3333333333333
"bactExtract_SC5_1-3_final_E05-E05.1-E05.2",NA,31.8375401322621,0.0404095090078744,0.120140028510149,55.5024523188546,5.76949405752299,630.247766874978,616.5,1.35069857561022,"",616.5,1.15093564163566,44
"bactExtract_SC5_1-3_final_E10-E10.1-E10.2",NA,132.713185934497,2.57215034150954,0.0912309650193266,43.0103583022949,7.59771838885084,4230.62557054353,4163,4.25452676008576,"",3844.125,0.760311388764618,146.333333333333
"bactExtract_SC5_1-3_final_E11-E11.1-E11.2",NA,47.4694263171731,0.0134890651901777,0.106629099415904,76.5801980520845,6.50054426377874,261.809932744416,267.541666666667,0.91917890830212,"",267.541666666667,1.17525620751877,32.3333333333333
"bactExtract_SC5_1-3_final_E12-E12.1-E12.2",NA,22.7708346352196,1.10964604388913,0.137031419032535,21.684669478724,5.05830841900116,1194.46691848862,1193.875,2.27286602995423,"",811,0.868414473947103,43.6666666666667
"bactExtract_SC5_1-3_final_F02-F02.1-F02.2",NA,28581409.7212872,0.463177210305366,0.0471864443440193,380.149698548932,14.6895404007655,320.283205728721,326.75,1.3056502062189,"",326.5,1.51253703338403,28
"bactExtract_SC5_1-3_final_F05-F05.1-F05.2",NA,69.57047420395,0.117944296630241,0.0764075780354962,83.4758343178159,9.07170726230759,369.867086033917,359.958333333333,1.15205373660093,"",344.25,1.19718726390263,36.3333333333333
"bactExtract_SC5_1-3_final_F06-F06.1-F06.2",NA,4.92492502531067,0.0324461330924007,0.0788216400642605,63.6357364539916,8.79386904401947,75.209468141617,73.4583333333333,0.729629081817445,"",46.9166666666667,1.20934136165741,18.3333333333333
"bactExtract_SC5_1-3_final_F12-F12.1-F12.2",NA,22.3981390812204,3.62660947449818,0.06215723381262,26.449747773503,11.1515126726765,1030.32340619664,1023.66666666667,2.63943031461384,"",571.416666666667,1.17525620751877,41.6666666666667
"bactExtract_SC5_1-3_final_G04-G04.1-G04.2",NA,4737898.45756265,0.486428328564427,0.0262472875572719,613.083153942189,26.4083356822106,112.435030810253,113.916666666667,0.986050336939832,"",36.9583333333333,1.28386218010903,17
"bactExtract_SC5_1-3_final_G05-G05.1-G05.2",NA,24.1587304395515,0.607841035436969,0.0583802138839467,62.6411797620806,11.8729811771133,443.851516925224,446.041666666667,1.17012090010442,"",312.041666666667,0.808252125678783,29
"bactExtract_SC5_1-3_final_G06-G06.1-G06.2",NA,7.14759583430101,7.87408017288899e-05,0.171210125452895,66.6789659611051,4.04851745027575,65.618893953874,75.75,0.757566138113238,"",36.125,1.01530499980331,19.3333333333333
"bactExtract_SC5_1-3_final_G12-G12.1-G12.2",NA,262102837.073364,1.23807222416804,0.0427394359049314,448.54808141581,16.2179768142417,670.469742690996,694.333333333333,1.99093822964845,"",336.041666666667,1.20934136165741,48.6666666666667
"bactExtract_SC5_1-3_final_H01-H01.1-H01.2",NA,18754627.768879,3.70394711169764,0.00278651939410212,5540.08412482764,248.750172716201,306.675752635586,306.083333333333,1.78778982155655,"",0.625,1.39347782514594,22.6666666666667
"bactExtract_SC6_1-3_final_A03-A03.1-A03.2",NA,139.501856090752,1.62034069512465,0.0789236175345876,56.3045440429795,8.78250645639982,2894.82478797671,2906.41666666667,2.0100795835797,"",2619.54166666667,1.0315022719975,125.666666666667
"bactExtract_SC6_1-3_final_A05-A05.1-A05.2",NA,301.45594354262,1.34070839420823,0.0567367389889452,95.3697460907681,12.2169020093841,1394.89824526443,1394.625,1.45630471028397,"",1250,0.984709682821822,83.6666666666667
"bactExtract_SC6_1-3_final_A07-A07.1-A07.2",NA,145.251307115608,1.50723810708749,0.069708315572048,65.3832397823357,9.94353650452984,2188.15845649283,2179.875,1.71543745407819,"",2130.33333333333,1.15093564163566,110.333333333333
"bactExtract_SC6_1-3_final_B03-B03.1-B03.2",NA,68.5040629622557,1.09047960222037,0.0781853860054448,52.7493581646064,8.86543145686682,1622.8788712144,1602.375,1.85339399403855,"",1602.25,1.07884863247551,74.6666666666667
"bactExtract_SC6_1-3_final_B06-B06.1-B06.2",NA,58.8495288129104,3.18968958546357,0.0684298788282174,41.784894451823,10.1293059761217,1964.45473734004,1931.16666666667,3.5126301743048,"",1886.83333333333,1.02157081277915,74.6666666666667
"bactExtract_SC6_1-3_final_B12-B12.1-B12.2",NA,56.3574665279274,2.5076070114889,0.0600880794844813,51.0395889601993,11.5355189666024,1484.42180259069,1480,1.60171548401107,"",1075,1.17215967426257,63.6666666666667
"bactExtract_SC6_1-3_final_C03-C03.1-C03.2",NA,39.4396319679419,0.456878521070522,0.0661262722384954,67.2419133899498,10.482175345678,566.603006393668,557.5,1.27907810997665,"",557.5,0.939527629005896,39.3333333333333
"bactExtract_SC6_1-3_final_C10-C10.1-C10.2",NA,112.663274370715,3.74312279797845,0.0645477078482638,52.2202094545798,10.7385250951028,2822.90270928138,2791.25,2.72314318084937,"",2721.125,1.06670683023558,111.333333333333
"bactExtract_SC6_1-3_final_D01-D01.1-D01.2",NA,45.961684846374,1.54693474225398,0.0734448720947442,45.7117854627876,9.43765249758734,1373.04838630811,1366.41666666667,1.59784454466582,"",967.541666666667,0.843036006089879,56.6666666666667
"bactExtract_SC6_1-3_final_D03-D03.1-D03.2",NA,109.887642542266,2.33372901216026,0.0840907948404183,45.5522489432613,8.24284253556352,3262.7603475979,3206.125,3.76356178682093,"",3206.125,1.05679669198197,120.666666666667
"bactExtract_SC6_1-3_final_D05-D05.1-D05.2",NA,41.5010483465723,1.004573525639,0.0695878498220755,53.1220872532699,9.9607500782422,994.062913501544,987.208333333333,1.34460850979316,"",987.208333333333,0.950857913461565,46.6666666666667
"bactExtract_SC6_1-3_final_D06-D06.1-D06.2",NA,70.7703639983233,0.345256835627133,0.0898106519451219,59.2136501413189,7.71787271941292,1255.92884670151,1240.29166666667,1.37660049959935,"",1240.29166666667,0.845388679352204,71
"bactExtract_SC6_1-3_final_E01-E01.1-E01.2",NA,35.6411327244774,1.89944107732032,0.0660058220252587,43.5897084870748,10.5013036621936,1138.0971529029,1138.79166666667,1.57142202491938,"",854.916666666667,1.22714215083436,47.6666666666667
"bactExtract_SC6_1-3_final_E05-E05.1-E05.2",NA,28.3378898791811,0.183275830609463,0.0993660425229849,50.6659429371584,6.97569474400281,699.084011710249,688.166666666667,1.47093606058286,"",688.166666666667,1.54292789615015,41.6666666666667
"bactExtract_SC6_1-3_final_E10-E10.1-E10.2",NA,115.902485862582,2.70033946277023,0.0762341115116861,49.004278538571,9.09234943275611,3122.62220010921,3077.58333333333,3.04991777924369,"",3077.58333333333,1.02391796495401,119.666666666667
"bactExtract_SC6_1-3_final_E11-E11.1-E11.2",NA,289.187783455945,1.36768473878754,0.0490642219665099,109.024785776415,14.127344789714,966.539377418318,951.625,1.85279145474442,"",951.625,0.892735039830216,59
"bactExtract_SC6_1-3_final_E12-E12.1-E12.2",NA,37.3867933620762,2.72172567738892,0.0903449166061933,28.1639129367749,7.6722322250993,1707.32310079556,1695.20833333333,2.13508781311835,"",1411.41666666667,1.17716997018013,54.3333333333333
"bactExtract_SC6_1-3_final_F02-F02.1-F02.2",NA,28.2602599144739,0.425249966368571,0.0678212112831595,61.6528756522173,10.2202123413278,502.391075184744,500.708333333333,1.22739336218561,"",432.25,0.950857913461565,33.6666666666667
"bactExtract_SC6_1-3_final_F05-F05.1-F05.2",NA,57.4944272909545,0.130838374500556,0.0807105765820073,75.3705712458547,8.5880588383068,467.555625594817,458.916666666667,1.14829809535512,"",458.916666666667,1.47116416449552,42.6666666666667
"bactExtract_SC6_1-3_final_F06-F06.1-F06.2",NA,4.94444961127115,0.0538390510771468,0.0846276724004255,53.2813114835651,8.19054998086489,113.248718753843,117.5,1.05526418811344,"",117.5,2.45790802596409,20.3333333333333
"bactExtract_SC6_1-3_final_F12-F12.1-F12.2",NA,35.1689771471449,3.36123240197533,0.0924267719573911,24.3154885208774,7.49941998276741,1730.37737630277,1718.5,2.30321986555413,"",1546.66666666667,1.05679669198197,52.6666666666667
"bactExtract_SC6_1-3_final_G04-G04.1-G04.2",NA,24.2098810778685,0.40128586371751,0.0753334051370678,54.200761004419,9.20105999853287,549.106676365292,548.875,1.21948307369597,"",548.875,1.03563311466423,33
"bactExtract_SC6_1-3_final_G05-G05.1-G05.2",NA,26.9720628390306,0.149085152574049,0.0948633500951986,54.7365925177702,7.30679635353747,572.056768646913,570.708333333333,1.06977960505969,"",570.625,0.746478307375718,38.6666666666667
"bactExtract_SC6_1-3_final_G06-G06.1-G06.2",NA,40.8754148525641,0.339178743210299,0.0771836868659739,61.9745509902434,8.98048808893471,678.26128243522,674.291666666667,1.34145456384803,"",674.291666666667,1.25722289981895,44
"bactExtract_SC6_1-3_final_G12-G12.1-G12.2",NA,227.546519480776,1.98382172190586,0.0444506038431036,106.490634613924,15.5936504936251,1061.42512913859,1054.91666666667,1.57585022077228,"",845,1.12760775765584,62.6666666666667
"bactExtract_SC6_1-3_final_H01-H01.1-H01.2",NA,75.0535257630436,2.79310896180533,0.0515463273135694,63.1106300809078,13.4470721132731,1443.28570057702,1443.16666666667,1.85143400361969,"",1155,1.05679669198197,61.6666666666667
