"Strain","OD.r"
"738",0.106118009793363
"738",0.0683278895187659
"738",0.0667438556354244
"738",0.0799424621189196
"738",0.0648366071108132
"738",0.0573452478118763
"738",0.0563852579438154
"738",0.0534690556387556
"738",0.0599123054942612
"738",0.0844843792107636
"738",0.0829757859444481
"738",0.0653308788888277
"738",0.0574518441532336
"738",0.0868925930178661
"738",0.0736384600529305
"738",0.0832187792268025
"738",0.0731378583934546
"738",0.0888045891547518
"738",0.0537909658468256
"738",0.0966963488546088
"738",0.0570202120661929
"738",0.065158459364736
"738",0.075714075506205
"738",0.0495114108597639
"738",0.0671762189121247
"SC2",0.0930259602294862
"SC2",0.0888977532823081
"SC2",0.0704483695771644
"SC2",0.0757555014655777
"SC2",0.0520966812134679
"SC2",0.0595049038242676
"SC2",0.0674719379414063
"SC2",0.0711912220225674
"SC2",0.0666182347719721
"SC2",0.0844003280999087
"SC2",0.0787558526849591
"SC2",0.0774759499852398
"SC2",0.0725451811564193
"SC2",0.0737137886489175
"SC2",0.0732330079024388
"SC2",0.0641706864179233
"SC2",0.0775705678930056
"SC2",0.0743344326164433
"SC2",0.0721870286849773
"SC2",0.0953505068545853
"SC2",0.0612014069178725
"SC2",0.0724485065783102
"SC2",0.0894213777615401
"SC2",0.0568104557463697
"SC2",0.0695871475019007
"SC3",0.123436186512575
"SC3",0.144917616243896
"SC3",0.115394343837686
"SC3",0.093274214510366
"SC3",0.0657507207069411
"SC3",0.123868002435179
"SC3",0.126090244127715
"SC3",0.0690869854945658
"SC3",0.0568387662040249
"SC3",0.14884781106312
"SC3",0.119928591524348
"SC3",0.110151746133897
"SC3",0.079680049054041
"SC3",0.120758744019778
"SC3",0.0934385921999054
"SC3",0.0750026088384214
"SC3",0.0775907756187604
"SC3",0.0872830384806438
"SC3",0.120420381967381
"SC3",0.0574452192965533
"SC3",0.0679259126873944
"SC3",0.0848021961407506
"SC3",0.0849023298689305
"SC3",0.105304017929853
"SC4",0.0884994527684944
"SC4",0.0845328879452311
"SC4",0.0764313768685656
"SC4",0.0792523195180422
"SC4",0.0628016158563998
"SC4",0.0674970492407869
"SC4",0.0540121225012698
"SC4",0.073783257483227
"SC4",0.0631257829039122
"SC4",0.105241100669862
"SC4",0.10667724557816
"SC4",0.0778298771639321
"SC4",0.0688182703708998
"SC4",0.144282187605357
"SC4",0.0799435231525187
"SC4",0.0742329088832729
"SC4",0.0851380526592584
"SC4",0.0618207414116967
"SC4",0.081867931094146
"SC4",0.0960674849779398
"SC4",0.0538668670105324
"SC4",0.0760527154207443
"SC5",0.118175070378312
"SC5",0.106311305988263
"SC5",0.111606912324227
"SC5",0.0524163089641586
"SC5",0.0778096694463767
"SC5",0.121560247371147
"SC5",0.0912309650193266
"SC6",0.0789236175345876
"SC6",0.0567367389889452
"SC6",0.069708315572048
"SC6",0.0781853860054448
"SC6",0.0684298788282174
"SC6",0.0600880794844813
"SC6",0.0645477078482638
"SC6",0.0734448720947442
"SC6",0.0840907948404183
"SC6",0.0898106519451219
"SC6",0.0762341115116861
"SC6",0.0490642219665099
"SC6",0.0903449166061933
"SC6",0.0924267719573911
"SC6",0.0444506038431036
"SC6",0.0515463273135694
