Strain,OD.r
738,0.137470895
738,0.135464285
738,0.108028427
738,0.120653831
738,0.107749487
738,0.142202083
738,0.108481845
738,0.126189077
738,0.124464239
738,0.13995973
738,0.230319605
738,0.133976183
738,0.121446741
738,0.122673932
738,0.119600091
738,0.15260629
738,0.084201131
738,0.16603391
738,0.047868924
738,0.055924678
738,0.105383429
738,0.098856247
738,0.1964906
738,0.127601565
738,0.237380198
738,0.106288611
SC2,0.217625486
SC2,0.151070876
SC2,0.100378993
SC2,0.115287904
SC2,0.07911745
SC2,0.109468144
SC2,0.125289401
SC2,0.118690438
SC2,0.125912805
SC2,0.241089477
SC2,0.560578397
SC2,0.111532372
SC2,0.112772678
SC2,0.111180186
SC2,0.12853911
SC2,0.115356268
SC2,0.079935624
SC2,0.214941735
SC2,0.0479306
SC2,0.056225416
SC2,0.093372576
SC2,0.093334499
SC2,0.292614474
SC2,0.1643924
SC2,0.243746393
SC2,0.091211842
SC3,0.069526319
SC3,0.076148288
SC3,0.15344336
SC3,0.155668494
SC3,0.147703977
SC3,0.105282525
SC3,0.132281322
SC3,0.183309143
SC3,0.102576309
SC3,0.050421543
SC3,0.264028712
SC3,0.148513921
SC3,0.136846132
SC3,0.134443967
SC3,0.114049902
SC3,0.111254068
SC3,0.113975861
SC3,0.192156393
SC3,0.045593259
SC3,0.06140256
SC3,0.109072164
SC3,0.0570902
SC3,0.197454321
SC3,0.138549281
SC3,0.078095365
SC3,0.076008432
SC4,0.071488752
SC4,0.063207168
SC4,0.094901459
SC4,0.152607628
SC4,0.175462973
SC4,0.104750178
SC4,0.164075959
SC4,0.207152005
SC4,0.097704173
SC4,0.147628901
SC4,0.311704175
SC4,0.156356949
SC4,0.098932758
SC4,0.16034431
SC4,0.171474881
SC4,0.143014433
SC4,0.120757346
SC4,0.207678269
SC4,0.072645508
SC4,0.046636648
SC4,0.085797678
SC4,0.071090709
SC4,0.157637275
SC4,0.207685492
SC4,0.085127342
SC4,0.08889048
SC5,0.013710549
SC5,0.074523276
SC5,0.21279614
SC5,0.11682389
SC5,0.613794774
SC5,0.000540472
SC5,0.213797222
SC5,0.059778538
SC5,0.041462392
SC5,0.080168086
SC5,0.202205732
SC5,0.165787112
SC5,0.030909798
SC5,0.081737749
SC5,0.120836416
SC5,0.029756188
SC5,0.127032383
SC5,0.028291625
SC5,0.120828446
SC5,0.558524079
SC5,0.11012314
SC5,0.014364444
SC5,0.012299319
SC5,0.035083971
SC5,0.02877692
SC5,0.015799212
SC6,0.125085691
SC6,0.048616749
SC6,0.092998014
SC6,0.167301919
SC6,0.13993874
SC6,0.035974734
SC6,0.236197419
SC6,0.122854674
SC6,0.053675438
SC6,0.082313491
SC6,0.183234716
SC6,0.101951524
SC6,0.126416649
SC6,0.297749317
SC6,0.154508664
SC6,0.12824067
SC6,0.086965831
SC6,0.094075977
SC6,0.164003413
SC6,0.069955776
SC6,0.118104353
SC6,0.056692053
SC6,0.148904578
SC6,0.147187529
SC6,0.08387983
SC6,0.078223374