Media,Strain,Rep,Weight.g.L,Predicted.Clav.mg.L,Yield.mg.g,Relative.Yield,Relative.Yield.neg
Maltodextrin,SC2-pIJ10257,A,7.97,7.37,0.93,,
Maltodextrin,SC2-pIJ10257,B,6.1,5.23,0.86,,
Maltodextrin,SC2-pIJ10257,C,5.53,7.97,1.44,,
Maltodextrin,SC2-0130,A,5.43,11.15,2.05,1.905204461,0.905204461
Maltodextrin,SC2-0130,B,5.2,9.82,1.89,1.756505576,0.756505576
Maltodextrin,SC2-0130,C,5.3,9.76,1.84,1.710037175,0.710037175
Maltodextrin,SC2-1550,A,5.23,8.14,1.56,1.449814126,0.449814126
Maltodextrin,SC2-1550,B,5.67,4.92,0.87,0.808550186,-0.191449814
Maltodextrin,SC2-1550,C,5.5,3.48,0.63,0.585501859,-0.414498141
Maltodextrin,SC2-1980,A,5.73,9.06,1.58,1.468401487,0.468401487
Maltodextrin,SC2-1980,B,5.7,4.08,0.72,0.669144981,-0.330855019
Maltodextrin,SC2-1980,C,5.87,7.35,1.25,1.161710037,0.161710037
Maltodextrin,SC2-glpX,A,5.3,5.77,1.09,1.013011152,0.013011152
Maltodextrin,SC2-glpX,B,5.5,6.47,1.18,1.096654275,0.096654275
Maltodextrin,SC2-glpX,C,5.63,11.19,1.99,1.849442379,0.849442379
Maltodextrin,SC6-pIJ10257,A,4.8,4.45,0.93,,
Maltodextrin,SC6-pIJ10257,B,4.9,5.55,1.13,,
Maltodextrin,SC6-pIJ10257,C,4.77,8.38,1.76,,
Maltodextrin,SC6-0130,A,4.5,8.32,1.85,1.452917616,0.452917616
Maltodextrin,SC6-0130,B,4.83,10.49,2.17,1.704233095,0.704233095
Maltodextrin,SC6-0130,C,4.57,5.23,1.14,0.895311396,-0.104688604
Maltodextrin,SC6-1550,A,4.43,7.42,1.67,1.311552658,0.311552658
Maltodextrin,SC6-1550,B,4.3,4.1,0.95,0.74609283,-0.25390717
Maltodextrin,SC6-1550,C,4.5,4.71,1.05,0.824628917,-0.175371083
Maltodextrin,SC6-1980,A,5.03,4.37,0.87,0.68326396,-0.31673604
Maltodextrin,SC6-1980,B,4.83,6.33,1.31,1.028822744,0.028822744
Maltodextrin,SC6-1980,C,4.9,5.06,1.03,0.8089217,-0.1910783
Maltodextrin,SC6-glpX,A,5.07,7.29,1.44,1.130919658,0.130919658
Maltodextrin,SC6-glpX,B,4.8,6.23,1.3,1.020969135,0.020969135
Maltodextrin,SC6-glpX,C,4.93,7.89,1.6,1.256577397,0.256577397
TSB,SC2-pIJ10257,A,3.8,70.84,18.6,,
TSB,SC2-pIJ10257,B,4.1,71.96,17.6,,
TSB,SC2-pIJ10257,C,4.6,65.46,14.2,,
TSB,SC2-0130,A,4.8,69.98,14.6,0.869047619,-0.130952381
TSB,SC2-0130,B,4.5,64.33,14.3,0.851190476,-0.148809524
TSB,SC2-0130,C,4.1,65.58,16,0.952380952,-0.047619048
TSB,SC2-1550,A,5.1,61.32,12,0.714285714,-0.285714286
TSB,SC2-1550,B,5.6,59.96,10.7,0.636904762,-0.363095238
TSB,SC2-1550,C,4.7,66.69,14.2,0.845238095,-0.154761905
TSB,SC2-1980,A,6.2,68.12,11,0.654761905,-0.345238095
TSB,SC2-1980,B,5.3,68.4,12.9,0.767857143,-0.232142857
TSB,SC2-1980,C,5.9,61.88,10.5,0.625,-0.375
TSB,SC2-glpX,A,5.4,70.98,13.1,0.779761905,-0.220238095
TSB,SC2-glpX,B,5.2,61.66,11.9,0.708333333,-0.291666667
TSB,SC2-glpX,C,5.9,46.33,7.9,0.470238095,-0.529761905
TSB,SC6-pIJ10257,A,6.7,67.89,10.1,,
TSB,SC6-pIJ10257,B,5.8,65.84,11.4,,
TSB,SC6-pIJ10257,C,5.4,67.29,12.5,,
TSB,SC6-0130,A,5.2,63.12,12.1,1.067650199,0.067650199
TSB,SC6-0130,B,5.7,59.37,10.4,0.917649758,-0.082350242
TSB,SC6-0130,C,7,62.9,9,0.794119983,-0.205880017
TSB,SC6-1550,A,7,40.39,5.8,0.511766211,-0.488233789
TSB,SC6-1550,B,5.8,37.72,6.5,0.573531099,-0.426468901
TSB,SC6-1550,C,6.5,42.95,6.6,0.582354654,-0.417645346
TSB,SC6-1980,A,6,62.76,10.5,0.926473313,-0.073526687
TSB,SC6-1980,B,5.8,68.52,11.8,1.041179533,0.041179533
TSB,SC6-1980,C,5.9,64.23,10.9,0.961767535,-0.038232465
TSB,SC6-glpX,A,6,69.58,11.6,1.023532422,0.023532422
TSB,SC6-glpX,B,4.6,71.57,15.6,1.376474637,0.376474637
TSB,SC6-glpX,C,6.2,70.99,11.4,1.005885311,0.005885311
Citrc Acid,SC2-pIJ10257,A,6.03,6.9,1.1,,
Citrc Acid,SC2-pIJ10257,B,5.93,5.61,0.9,,
Citrc Acid,SC2-pIJ10257,C,6.13,2.75,0.4,,
Citrc Acid,SC2-0130,A,6.33,2.06,0.3,0.375,-0.625
Citrc Acid,SC2-0130,B,5.63,2.85,0.5,0.625,-0.375
Citrc Acid,SC2-0130,C,5.93,1.85,0.3,0.375,-0.625
Citrc Acid,SC2-1550,A,5.67,1.79,0.3,0.375,-0.625
Citrc Acid,SC2-1550,B,5.53,0.62,0.1,0.125,-0.875
Citrc Acid,SC2-1550,C,6.03,3.25,0.5,0.625,-0.375
Citrc Acid,SC2-1980,A,6.67,5.81,0.9,1.125,0.125
Citrc Acid,SC2-1980,B,7.17,2.12,0.3,0.375,-0.625
Citrc Acid,SC2-1980,C,8.67,3.3,0.4,0.5,-0.5
Citrc Acid,SC2-glpX,A,6.37,2.78,0.4,0.5,-0.5
Citrc Acid,SC2-glpX,B,5.6,5.1,0.9,1.125,0.125
Citrc Acid,SC2-glpX,C,5.93,5.38,0.9,1.125,0.125
Citrc Acid,SC6-pIJ10257,A,5.57,3.36,0.6,,
Citrc Acid,SC6-pIJ10257,B,5.17,3.77,0.7,,
Citrc Acid,SC6-pIJ10257,C,5,2.54,0.5,,
Citrc Acid,SC6-0130,A,5.3,3.86,0.7,1.166666667,0.166666667
Citrc Acid,SC6-0130,B,5.37,1.81,0.3,0.5,-0.5
Citrc Acid,SC6-0130,C,5.4,4.3,0.8,1.333333333,0.333333333
Citrc Acid,SC6-1550,A,6.23,5.9,0.9,1.5,0.5
Citrc Acid,SC6-1550,B,5.5,2.95,0.5,0.833333333,-0.166666667
Citrc Acid,SC6-1550,C,5.87,3.57,0.6,1,0
Citrc Acid,SC6-1980,A,5.77,2.49,0.4,0.666666667,-0.333333333
Citrc Acid,SC6-1980,B,5.8,5.77,1,1.666666667,0.666666667
Citrc Acid,SC6-1980,C,5.83,4.44,0.8,1.333333333,0.333333333
Citrc Acid,SC6-glpX,A,5.87,8.31,1.4,2.333333333,1.333333333
Citrc Acid,SC6-glpX,B,6.07,8.51,1.4,2.333333333,1.333333333
Citrc Acid,SC6-glpX,C,5.63,3.94,0.7,1.166666667,0.166666667