CHROM,POS,TYPE,REF,ALT,EVIDENCE,FTYPE,STRAND,NT_POS,AA_POS,EFFECT,LOCUS_TAG,GENE,PRODUCT
SC2-1_Chromosome,65811,snp,A,G,G:177 A:0,CDS,-,9056/15018,3019/5005,missense_variant c.9056T>C p.Val3019Ala,SCLAV_SC2_00090,fadA_2,3-ketoacyl-CoA thiolase
SC2-1_Chromosome,196635,snp,C,T,T:52 C:0,CDS,+,832/903,278/300,missense_variant c.832C>T p.Arg278Trp,SCLAV_SC2_00630,,hypothetical protein
SC2-1_Chromosome,279832,ins,T,TGGGC,TGGGC:48 T:0,CDS,-,1435/3108,479/1035,frameshift_variant c.1432_1435dupGCCC p.His479fs,SCLAV_SC2_00945,,hypothetical protein
SC2-1_Chromosome,292336,snp,T,C,C:100 T:0,CDS,-,612/1257,204/418,synonymous_variant c.612A>G p.Val204Val,SCLAV_SC2_00985,,hypothetical protein
SC2-1_Chromosome,819184,snp,T,G,G:85 T:0,CDS,+,747/2454,249/817,missense_variant c.747T>G p.His249Gln,SCLAV_SC2_03060,,hypothetical protein
SC2-1_Chromosome,938735,mnp,CC,AA,AA:154 CC:0,CDS,+,236/642,79/213,missense_variant c.236_237delCCinsAA p.Ala79Glu,SCLAV_SC2_03555,,hypothetical protein
SC2-1_Chromosome,1230332,snp,T,C,C:88 T:0,CDS,-,43/1089,15/362,missense_variant c.43A>G p.Thr15Ala,SCLAV_SC2_04810,mshA_2,D-inositol-3-phosphate glycosyltransferase
SC2-1_Chromosome,1280332,snp,C,T,T:142 C:0,CDS,+,573/1536,191/511,synonymous_variant c.573C>T p.Pro191Pro,SCLAV_SC2_05055,,hypothetical protein
SC2-1_Chromosome,1371570,snp,A,G,G:159 A:0
SC2-1_Chromosome,1423962,snp,T,C,C:107 T:0,CDS,-,323/1317,108/438,missense_variant c.323A>G p.Tyr108Cys,SCLAV_SC2_05700,,hypothetical protein
SC2-1_Chromosome,1643581,snp,A,G,G:225 A:0,CDS,-,740/813,247/270,missense_variant c.740T>C p.Val247Ala,SCLAV_SC2_06610,qcrC,Cytochrome bc1 complex cytochrome c subunit
SC2-1_Chromosome,1711015,snp,A,G,G:91 A:0,CDS,+,339/378,113/125,synonymous_variant c.339A>G p.Val113Val,SCLAV_SC2_06905,arsC,Arsenate reductase
SC2-1_Chromosome,1721767,snp,C,T,T:87 C:0,CDS,-,2246/2310,749/769,missense_variant c.2246G>A p.Gly749Asp,SCLAV_SC2_06955,,Heme uptake protein MmpL11
SC2-1_Chromosome,1749364,snp,G,C,C:149 G:0,CDS,+,162/813,54/270,synonymous_variant c.162G>C p.Ala54Ala,SCLAV_SC2_07040,,hypothetical protein
SC2-1_Chromosome,1795250,snp,T,C,C:125 T:0,CDS,+,713/828,238/275,missense_variant c.713T>C p.Val238Ala,SCLAV_SC2_07245,,hypothetical protein
SC2-1_Chromosome,1845719,snp,T,C,C:183 T:0,CDS,-,550/1086,184/361,missense_variant c.550A>G p.Ile184Val,SCLAV_SC2_07465,,hypothetical protein
SC2-1_Chromosome,1848682,snp,A,G,G:216 A:0
SC2-1_Chromosome,1939283,snp,T,C,C:233 T:0,CDS,-,692/840,231/279,missense_variant c.692A>G p.Tyr231Cys,SCLAV_SC2_07875,,hypothetical protein
SC2-1_Chromosome,2044248,snp,A,G,G:244 A:0,CDS,-,768/1869,256/622,synonymous_variant c.768T>C p.Ile256Ile,SCLAV_SC2_08335,lepA,Elongation factor 4
SC2-1_Chromosome,2339099,snp,T,C,C:267 T:0,CDS,-,1103/1716,368/571,missense_variant c.1103A>G p.Tyr368Cys,SCLAV_SC2_09510,,hypothetical protein
SC2-1_Chromosome,2346389,snp,G,A,A:208 G:0,CDS,+,155/651,52/216,missense_variant c.155G>A p.Arg52His,SCLAV_SC2_09540,yxeN,putative amino-acid permease protein YxeN
SC2-1_Chromosome,2555221,snp,G,T,T:339 G:0,CDS,-,131/168,44/55,missense_variant c.131C>A p.Pro44Gln,SCLAV_SC2_10410,,hypothetical protein
SC2-1_Chromosome,3793477,snp,C,T,T:222 C:0,CDS,-,3/1404,1/467,initiator_codon_variant c.3G>A p.Met1?,SCLAV_SC2_15715,puuB_1,Gamma-glutamylputrescine oxidoreductase
SC2-1_Chromosome,3901599,snp,T,C,C:334 T:0,CDS,-,14/90,5/29,missense_variant c.14A>G p.Tyr5Cys,SCLAV_SC2_16230,,hypothetical protein
SC2-1_Chromosome,4289649,snp,T,C,C:139 T:0,CDS,+,766/1125,256/374,missense_variant c.766T>C p.Tyr256His,SCLAV_SC2_18020,,putative oxidoreductase/MSMEI_1564
SC2-1_Chromosome,4342572,del,GC,G,G:251 GC:0,CDS,-,140/1410,47/469,frameshift_variant c.140delG p.Gly47fs,SCLAV_SC2_18190,,hypothetical protein
SC2-1_Chromosome,4573592,snp,C,T,T:295 C:0,CDS,-,117/1032,39/343,stop_gained c.117G>A p.Trp39*,SCLAV_SC2_19230,glpX,"Fructose-1,6-bisphosphatase class 2"
SC2-1_Chromosome,4640887,snp,T,C,C:276 T:0,CDS,-,579/612,193/203,synonymous_variant c.579A>G p.Pro193Pro,SCLAV_SC2_19525,,hypothetical protein
SC2-1_Chromosome,4786225,snp,T,C,C:181 T:0,CDS,-,800/882,267/293,missense_variant c.800A>G p.Tyr267Cys,SCLAV_SC2_20145,acm,Lysozyme M1
SC2-1_Chromosome,5005543,snp,A,G,G:208 A:0,CDS,-,745/876,249/291,missense_variant c.745T>C p.Tyr249His,SCLAV_SC2_21070,dasC_4,Diacetylchitobiose uptake system permease protein DasC
SC2-1_Chromosome,5241113,snp,G,T,T:188 G:0,CDS,+,1785/2355,595/784,synonymous_variant c.1785G>T p.Arg595Arg,SCLAV_SC2_21990,recG,ATP-dependent DNA helicase RecG
SC2-1_Chromosome,5500908,snp,T,C,C:171 T:0,CDS,+,256/606,86/201,missense_variant c.256T>C p.Tyr86His,SCLAV_SC2_22995,,hypothetical protein
SC2-1_Chromosome,5606128,snp,T,C,C:125 T:0,CDS,-,30/522,10/173,synonymous_variant c.30A>G p.Val10Val,SCLAV_SC2_23355,dut,Deoxyuridine 5'-triphosphate nucleotidohydrolase
SC2-1_Chromosome,5786726,del,CG,C,C:60 CG:3
SC2-1_Chromosome,5849080,snp,A,C,C:190 A:0,CDS,+,2330/3324,777/1107,missense_variant c.2330A>C p.Tyr777Ser,SCLAV_SC2_24300,,hypothetical protein
SC2-1_Chromosome,6102279,snp,A,G,G:140 A:0,CDS,-,2134/2217,712/738,missense_variant c.2134T>C p.Tyr712His,SCLAV_SC2_25375,,hypothetical protein
SC2-1_Chromosome,6232534,snp,T,C,C:61 T:0,CDS,-,1693/2067,565/688,missense_variant c.1693A>G p.Thr565Ala,SCLAV_SC2_25915,,hypothetical protein
SC2-1_Chromosome,6272969,snp,A,G,G:75 A:0,CDS,-,817/1095,273/364,missense_variant c.817T>C p.Tyr273His,SCLAV_SC2_26065,COQ3_3,"Ubiquinone biosynthesis O-methyltransferase, mitochondrial"
SC2-1_Chromosome,6384114,snp,A,C,C:49 A:0,CDS,-,1073/1179,358/392,missense_variant c.1073T>G p.Val358Gly,SCLAV_SC2_26550,,hypothetical protein
SC2-1_Chromosome,6532168,snp,G,A,A:115 G:0,CDS,-,411/1443,137/480,synonymous_variant c.411C>T p.His137His,SCLAV_SC2_27080,ptlI_1,Pentalenene oxygenase
SC2-1_Chromosome,6532175,snp,C,T,T:122 C:0,CDS,-,404/1443,135/480,missense_variant c.404G>A p.Ser135Asn,SCLAV_SC2_27080,ptlI_1,Pentalenene oxygenase
SC2-1_pSCL2,83332,snp,A,C,C:247 A:0,CDS,-,111/699,37/232,missense_variant c.111T>G p.Ser37Arg,SCLAV_SC2_28395,,hypothetical protein
SC2-1_pSCL2,148551,mnp,CG,GT,GT:209 CG:0
SC2-1_pSCL3,30015,snp,T,C,C:118 T:0,CDS,+,623/636,208/211,missense_variant c.623T>C p.Val208Ala,SCLAV_SC2_28845,,hypothetical protein
SC2-1_pSCL3,79083,snp,G,T,T:44 G:0,CDS,+,905/1446,302/481,missense_variant c.905G>T p.Arg302Leu,SCLAV_SC2_29095,,hypothetical protein
SC2-1_pSCL3,79102,complex,GCGCAA,CCTCAC,CCTCAC:27 GCGCAA:0,CDS,+,924/1446,308/481,missense_variant c.924_929delGCGCAAinsCCTCAC p.MetArgAsn308IleLeuThr,SCLAV_SC2_29095,,hypothetical protein
SC2-1_pSCL3,79113,complex,ACCAGCGGCCCCCCCCGCCCCCCTGTTTTTTTTTA,CCCTGCG,CCCTGCG:26 ACCAGCGGCCCCCCCCGCCCCCCTGTTTTTTTTTA:0,CDS,+,935/1446,312/481,frameshift_variant&missense_variant c.935_969delACCAGCGGCCCCCCCCGCCCCCCTGTTTTTTTTTAinsCCCTGCG p.Asn312fs,SCLAV_SC2_29095,,hypothetical protein
SC2-1_pSCL3,140200,del,GTCATCA,G,G:138 GTCATCA:0,CDS,+,714/909,238/302,disruptive_inframe_deletion c.714_719delCATCAT p.Ile239_Met240del,SCLAV_SC2_29410,,hypothetical protein
SC2-1_pSCL4,233391,snp,G,A,A:65 G:0,CDS,+,361/2298,121/765,missense_variant c.361G>A p.Glu121Lys,SCLAV_SC2_31875,afsR_9,Regulatory protein AfsR
SC2-1_pSCL4,444597,snp,T,C,C:162 T:0,CDS,+,3967/3969,1323/1322,stop_lost&splice_region_variant c.3967T>C p.Ter1323Glnext*?,SCLAV_SC2_32695,,hypothetical protein
SC2-1_pSCL4,744228,snp,G,T,T:131 G:0,CDS,+,1093/5859,365/1952,missense_variant c.1093G>T p.Ala365Ser,SCLAV_SC2_33825,,hypothetical protein
