UniqueCount	AmbigCount
0	0
20	0
0	0
0	0
88	0
171	0
55	0
21	0
23	0
6	0
31	0
9	0
13	0
97	0
154	0
93	0
85	0
34	0
12	0
5	0
395	0
163	0
307	0
207	0
34	0
5	0
6	0
3	0
20	0
132	0
55	0
12	0
34	0
21	0
0	0
2	0
1	0
5	0
2	0
9	0
9	0
2	0
0	0
2	0
5	0
1	0
4	0
4	0
0	0
2	0
11	0
35	0
6	0
1	0
9	0
0	0
5	0
82	0
182	0
1	0
0	0
1700	1
200	0
525	0
31	0
1	0
8	1
3	1
64	0
3	0
4	0
15	0
0	0
196	0
343	0
118	0
20	0
12	0
12	0
0	0
37	0
52	0
34	0
203	0
251	0
263	1
538	1
71	0
124	0
74	0
117	0
737	0
108	4
241	1
98	0
166	0
0	0
133	0
45	0
45	1
445	6
284	4
42	0
109	0
66	0
16	2
24	2
0	0
435	2
24	0
413	0
820	0
1607	0
279	0
40	0
536	3
166	0
26	0
54	0
6	1
0	1
7133	3
113	0
341	0
234	2
1487	1
1086	0
239	0
25	0
26	0
9	0
22	0
1	0
207	0
34	0
42	0
73	0
107	1
42	0
4	0
17	0
10	3
171	3
122	0
1019	1
109	1
14	0
26	0
8	2
35	2
1034	0
603	1
270	0
3	0
671	0
448	0
682	0
3	0
3	0
6	0
9	0
8	0
737	0
5	0
14	0
5	0
462	2
348	0
385	0
141	0
0	0
6	0
90	0
77	0
0	0
3	0
1	0
0	0
328	0
510	0
1461	3
619	11
748	9
1694	25
1819	40
378	20
223	3
17	0
26	0
50	0
11	0
1	0
5	0
34	0
37	0
0	0
16	0
1	0
34	0
8	0
949	0
22324	21
11677	10
427	0
17	0
68	0
334	0
908	0
0	0
223	0
174	0
40	0
129	0
94	0
36	1
13	1
28	0
8	0
2	0
1	0
2	0
10	0
1	0
5	0
2	0
0	0
19	0
37	0
25	1
24	0
66	1
65	1
53	0
33	0
2	0
159	0
2	0
1	0
10	0
9	0
279	0
1099	7
2225	3
417	1
52	24
32	24
167	0
492	0
0	0
4	0
2	0
12	0
174	0
65	0
15	0
24	0
54	0
6	0
91	0
10	0
26	0
631	1
164	0
244	0
70	0
304	1
44	0
295	0
732	0
86	0
167	1
56	1
85	0
956	1
121	0
0	0
6	0
374	0
82	0
5	0
1321	0
1261	1
253	0
322	0
8	0
13	0
44	0
14	0
131	0
22	0
249	0
153	349
137	805
517	0
4988	138
3217	152
7003	18
119	0
1325	1
190	0
44	0
385	0
55	0
53	0
28601	6
640	0
26	0
25	0
473	4
227	4
1225	1
150	0
66	0
22	0
44	0
102	0
9415	5
96	0
93	6
143	6
81	0
880	1
570	0
9	0
14	0
17	0
16	0
51	0
21	0
76	0
3	0
0	0
0	0
0	0
0	0
0	0
0	0
0	0
0	0
0	0
0	0
0	0
8	0
11	0
571	0
26	0
59	1
20	2
1	0
45	0
183	0
8147	5
32	0
6	0
1	0
23	0
427	0
39	0
15	0
33	0
44	0
0	0
7	0
0	0
8	0
40	0
33	0
51	0
27	0
196	0
641	1
425	0
310	0
48	1
1	0
8	0
93	0
18	0
12	0
16	0
31	0
68	0
379	1
143	0
293	0
374	2
15	0
15	0
23	0
6	0
2	0
0	0
1	0
2	0
3	0
0	0
1	0
12	0
2	0
56	0
84	0
118	0
39	2
112	2
321	0
59	1
199	1
4	0
15	0
10	0
0	0
4	0
0	0
0	0
4	0
2	0
66	0
61	0
127	1
650	5
104	5
605	0
140	0
805	5
159	6
436	1
1498	0
316	0
13	0
46	0
95	0
37	0
91	0
3	0
6	0
3	0
6	0
3	0
2	0
13	0
5	0
7	0
13	0
17	0
0	0
3	0
0	0
1	0
9	0
15	0
2	0
1	0
4	0
2	945
9	4902
0	0
3	0
2	0
3	0
6	0
258	0
108	0
13	0
9	0
4	0
97	0
6	0
2	0
3	0
17	0
3	0
3	0
16	0
11	0
39	0
17	0
20	0
12	0
23	0
1239	2
662	8
718	8
23	0
148	0
1612	0
669	10
1744	10
16	0
15	0
87	0
218	0
51	0
274	0
122	0
4693	62
1776	62
142	0
442	0
22	0
16	0
6	0
246	0
9	0
0	0
142	0
6901	4
4	0
1	0
0	0
0	0
15	0
0	0
6	0
206	1
9	0
6	0
650	0
133	0
631	10
253	10
193	0
70	0
474	2
993	11
596	11
19	0
0	0
4170	6
299	4
198	0
3094	2
33	0
5	0
64	0
199	0
529	5
735	5
195	0
1077	0
171	0
1547	6
333	6
36	1
79	1
198	1
512	0
354	0
657	0
180	8
126	34
170	28
402	2
3195	4
902	1
718	1
424	0
43	0
17	0
0	0
74	0
15	0
14	0
48	0
180	0
52	1
143	1
210	0
266	0
2042	2
689	2
794	3
1054	2
97	9
400	8
49	0
28	0
12	0
2	0
75	0
90	0
289	0
232	2
35	0
965	0
121	0
33	0
241	1
499	0
192	0
375	0
86	0
158	0
5580	3
34	0
143	0
318	0
1445	3
1063	11
2022	13
172	4
49	11
187	7
3049	7
320	0
0	0
0	141549
6332	6939
31	0
210	0
206	0
236	0
46	0
20	0
40	0
34	0
94	0
105	0
357	21
250	32
501	16
1192	8
507	0
335	0
54	0
143	0
177	0
5727	46
3308	118
1604	169
1377	101
482	0
1352	2
72	0
2	0
24	0
595	0
120	1
36	2
191	2
5565	3
446	7
1434	7
734	4
286	2
1376	2
3243	1
72	0
12	0
992	3
69	0
616	0
56	0
51	0
204	6
895	12
437	15
224	15
510	11
196	21
378	17
276	1
220	2
48	0
273	1
88	0
5	0
97	1
73	1
235	0
13048	5
614	0
20	0
74	2
16	2
33	0
1737	0
1589	2
329	0
623	0
4	0
231	0
4953	2
662	0
1121	4
320	5
1902	4
276	3
297	2
1601	5
609	13
208	11
472	6
223	3
599	3
2681	4
1016	51
1633	68
34	17
277	0
225	11
652	15
170	21
1170	17
209	6
646	7
341	2
4528	5
82	6
168	2
6261	3
165	0
569	4
1775	5
554	2
367	1
2238	0
5492	1
5052	7
1600	0
734	16
2593	76
4575	64
1806	0
315	0
227	2
318	2
3174	4
518	3
2313	2
30	0
174	1
119	2
337	1
176	0
2334	2
1066	1
12	0
3017	4
107	0
0	0
4	0
743	0
146	0
81	0
11	0
633	0
335	0
242	0
695	0
106	0
0	0
0	0
0	0
0	0
0	0
9	0
281	2
188	2
236	2
2298	0
33	0
250	1
479	0
192	10
198	10
225	21
609	22
4958	6
290	0
283	1
170	6
103	6
3109	7
14908	11
1492	17
4710	131
1964	116
2301	12
2272	3
17	0
53	0
3	0
3	0
74	0
20	0
9471	6
31	0
45	0
37	0
1780	0
3098	4
31	0
50	0
2749	18
1082	17
285	0
79	0
4468	17
1428	13
4854	5
705	2
428	0
41	0
85	0
111	0
180	0
144	2
106	2
165	1
18	0
9	0
43	0
31	3
234	5
3791	26
1976	30
519	1
1329	1
144	0
8	0
57	0
966	0
70	0
1422	20
682	20
28	0
47	14
427	16
384	2
3374	0
2053	3
5279	1
438	0
59	0
4025	39
4103	42
479	3
1003	3
8907	9
185	0
19	0
1631	0
333	0
260	0
646	0
502	0
241	0
615	0
793	0
36	0
70	3
206	0
317	0
275	0
10	0
5	0
9	0
5	0
8	0
3255	2
2018	0
343	37
891	42
264	4
17	0
24	0
1909	0
86	2
582	2
610	0
6	0
73	0
116	2
1948	0
0	0
68	0
375	9
1184	9
1362	1
161	0
96	0
29	0
102	0
167	1
78	0
90	1
12	1
108	3
163	3
145	0
43	0
69	0
93	0
22	0
1138	0
100	0
97	1
332	0
34	0
850	3
269	7
150	4
384	2
430	0
396	0
60	0
18	0
84	0
28	1
61	1
240	0
0	0
43	2
20	2
102	0
1	0
133	0
106	0
28	0
20	0
370	4
76	3
38	0
60	0
121	0
945	1
9	0
15	0
76	0
368	2
576	0
70	0
1060	0
32	0
24	0
138	0
984	1
2021	0
6	0
2	0
1280	0
370	10
672	11
50	0
372	12
79	8
23	0
103	3
99	3
840	0
83	1
49	0
195	14
1375	14
7887	8
227	0
1036	1
2903	3
623	2
101	0
45	0
29	0
830	0
519	3
312	6
155	3
48	0
149	0
419	1
571	1
202	2
395	3
0	142910
127	0
3586	2
1477	0
314	1
96	2
1042	4
959	4
817	0
240	0
17	0
77	1
102	1
378	0
339	1
5	0
229	0
321	0
534	0
10	0
0	0
103	0
66	1
9	0
1718	33
931	32
1799	4
1328	10
2752	1
23	0
261	0
12	0
422	0
80	0
8	0
8843	5
30	0
14	0
5	0
446	0
4	0
991	0
46	0
772	0
20	0
8	0
7	1
11	3
27	2
41	0
1017	0
1970	8
499	0
791	0
23	0
42	13
357	0
2106	36
78	34
191	9
439	9
1112	11
409	27
414	16
1	0
3	0
241	5
306	5
22	0
360	0
273	0
2382	3
6871	7
2819	156
5776	144
190	1
217	0
376	0
315	0
103	0
262	0
146	0
42	0
87	0
22	0
3	0
37	0
22	0
145	0
6991	5
1890	0
287	0
1475	0
0	0
33	2
42	2
1160	2
641	2
2	0
428	26
162	31
143	4
3	4
0	0
9	0
15	0
388	0
119	0
2709	2
1178	65
948	82
2196	54
1527	58
227	41
1624	20
4081	49
593	45
345	3
154	3
106	0
1195	1
141	0
336	1
1839	0
6648	25
4552	80
4569	112
1886	90
1078	32
11	0
653	19
339	29
2268	13
1683	2
696	2
1874	25
1757	25
8603	8
606	2
798	24
659	41
1163	22
689	1
9	0
2	0
70	0
85	0
284	0
1399	0
745	0
1224	1
2288	0
480	6
862	10
1088	1
61	0
81	0
130	0
178	0
119	6
83	6
383	0
158	0
143	0
72	0
209	0
32	0
360	0
11	0
45	1
428	1
2202	0
49124	30
216	0
252	0
7	0
0	0
3237	2
1398	1
1342	0
1025	0
4874	2
409	6
835	22
658	29
399	13
694	0
0	0
1165	0
246	0
5	0
1	0
1313	3
1175	3
80	0
40	0
287	0
644	1
114	0
51	0
9	0
4	0
19	0
18	0
13	1
35	1
55	0
263	1
125	0
98	0
49	0
25	0
18	0
37	0
1	0
75	0
129	0
101	18
284	0
12	0
19	0
24	0
17	0
6	0
440	4
30	3
2093	2
6	0
199	3
292	3
107	22
2559	22
49	0
654	1
377	0
399	3
68	3
904	2
1141	0
259	2
189	9
255	16
286	11
9	3
263	0
233	12
505	12
436	0
41	0
98	0
72	0
132	0
391	1
636	1
63	0
3	0
2192	0
1023	1
841	0
2795	0
206	0
229	0
379	0
204	0
18	0
609	1
472	1
104	0
1547	0
11649	25
1233	22
777	4
492	8
464	27
2435	20
264	0
791	10
585	10
974	4
1215	53
1281	55
716	2
412	0
59	0
285	0
368	0
640	0
384	0
609	0
950	1
292	0
241	0
23	0
47	0
70	0
31	0
663	0
61	1
649	1
489	1
668	2
3826	2
596	1
111	0
329	0
52	7
503	7
564	0
56	0
70	0
373	0
36	0
2628	3
262	0
30	0
131	1
235	1
726	0
1051	19
687	18
51	0
367	0
508	0
244	7
683	6
115	0
644	1
2034	5
158	0
4	0
90	0
13	0
2575	3
452	7
155	6
46	0
236	0
26	0
30	0
80	0
9	0
4	0
28	0
412	0
12567	119
6717	345
5923	259
2882	26
467	0
129	0
3170	195
13836	388
9630	194
151	0
19	0
6	0
306	0
1487	0
1559	2
89	0
755	2
150	1
71	6
318	5
4199	2
845	3
468	3
143	0
23	0
65	0
513	0
213	0
591	4
90	0
347	0
24	0
50	0
6995	4
16821	38
20845	38
135	0
3519	3
55	0
83	0
45	0
22	0
33	0
246	0
95	0
8	0
872	0
2770	0
59	0
1982	4
202	0
2105	0
17	0
450	0
26	0
11	0
0	0
990	3
911	60
1059	61
472	0
192	1
133	1
68	0
190	0
302	0
2561	2
730	2
8	0
79	0
1002	0
63	0
304	5
108	3
592	4
171	6
38	0
31	0
187	0
27	0
9	0
37	1
183	1
570	1
926	0
114	14
67	14
14	0
99	0
3	6
13	6
35	2
35	0
2	0
0	0
32	0
2	0
21	0
260	2
7	0
7	0
924	1
356	3
1557	25
840	23
30	0
3	0
23	0
31	0
1125	2
362	0
2058	2
111	6
71	1
271	1
154	0
32	0
2058	1
4	0
171	0
231	1
944	0
752	3
119	0
30	1
23	0
23	0
4	0
2	0
34	0
834	0
143	0
26	0
116	0
288	0
242	0
11	0
37	0
984	0
27	0
205	17
182	17
0	0
69	1
117	0
279	0
20	0
24	1
81	1
515	1
32	0
167	0
16	2
19	2
2	0
69	0
32	0
11	0
712	8
695	5
343	0
19	0
18	0
64	0
78	0
99	0
17	0
96	0
56	0
111	0
985	0
7020	1
21	0
416	6
229	6
250	0
83	0
25	11
459	12
137	0
67	0
5	0
32	0
22	0
13	0
12	0
95	0
206	0
746	1
953	2
1093	2
64	0
16	0
60	0
149	0
61	0
33	0
144	0
665	0
160	0
207	0
1105	0
106	0
111	1
26	1
0	0
19	0
113	7
276	7
86	0
35	0
2	0
0	0
22	0
842	2
469	0
102	7
297	7
45	0
258	0
561	0
2529	1
3960	1
38103	21
2400	3
4897	1
3163	0
80	0
2	0
12	0
489	1
170	2
215	2
690	2
212	0
936	3
151	0
545	0
1158	17
2808	30
5037	27
6366	17
100	0
480	0
867	0
67	0
572	1
2920	2
1495	1
134	0
11	0
0	0
4	0
816	0
186	7
494	9
3	4
0	0
6	0
107	0
41	1
2	0
264	0
9	0
45	0
66	0
75	0
0	0
4	0
0	0
28	0
4538	1
0	0
28	0
19	0
83	0
76	1
42	1
0	0
0	0
0	0
67	0
530	0
363	1
412	1
60	0
526	0
2410	2
328	0
34	0
38	0
20	1
115	1
14	0
17	2
1	0
57	0
5	0
47	2
39	2
5	0
14	0
551	0
7699	3
269	0
28	0
22	1
146	0
21	0
38	0
90	0
3250	3
168	2
32	2
69	0
1911	0
419	0
116	0
1788	0
110	0
2099	4
2	0
15	0
853	4
10	0
20	0
6	0
193	0
234	0
66	0
382	1
244	13
729	14
58	0
309	2
279	2
1648	4
1328	0
208	0
397	3
890	3
2618	24
1251	24
117	3
136	3
260	0
4889	7
1649	0
2275	3
496	0
13	0
162	0
40	0
11	0
25	0
325	2
3031	9
2320	7
0	0
38	0
0	0
511	2
890	2
563	5
778	23
223	20
2119	0
303	0
588	1
298	0
472	0
84	0
675	0
1813	3
696	0
453	1
2093	143
2699	143
4	0
3135	1
284	0
1147	0
556	2
131	0
254	2
44	2
296	0
878	0
678	1
472	19
4792	19
303	0
2694	4
639	0
4690	22
5819	42
4338	18
18921	11
0	0
0	0
51	3
152	1
37	0
7	0
48	0
16	0
51	0
313	1
1079	0
288	0
2845	0
2997	3
246	0
938	1
10	0
12	0
26	0
33	0
77	0
16496	9
826	1
2394	1
8598	7
6556	4
3	0
8877	6
774	4
308	23
217	41
300	21
497	0
599	35
209	35
559	0
887	3
51	0
91	0
272	0
115	0
95	3
360	7
269	4
17	0
559	0
350	11
600	13
1057	9
444	9
351	1
1081	0
41	0
2649	5
244	0
25	0
64	0
327	18
1244	39
6779	23
376	0
6	0
24	0
7	0
0	0
3	0
5	0
9	0
8	0
5	0
1	0
1	0
4	0
1047	1
407	2
60	2
101	2
242	2
243	0
476	0
153	2
51	2
30	0
36	0
15	0
66	0
61	2
149	2
119	0
1118	0
116	1
178	1
303	1
37	0
6	0
3	0
0	0
0	0
12	0
16	0
37	0
2	0
6	0
5	0
283	5
829	5
13	0
105	1
1457	4
165	10
168	10
14	0
45	0
20	0
6	0
105	0
23036	21
732	0
106	1
96	1
3	0
0	0
15	0
96	0
1147	0
36	0
339	0
9589	8
18	0
2055	6
560	0
693	0
2361	48
8213	121
758	71
1251	142
2286	148
613	2
18	2
890	1
534	0
641	3
123	2
89	0
38	0
118	0
27	0
753	5
93	7
350	0
401	0
221	0
13429	8
9455	110
3972	162
9231	65
673	0
84	0
75	3
42	3
166	0
338	0
48	0
890	2
393	0
41	0
8271	117
3036	119
0	0
258	4
233	4
154	0
74	0
15	0
209	6
217	11
403	5
343	1
193	0
209	0
0	0
6	0
63	0
72	1
218	0
97	0
536	0
2398	39
898	53
823	80
1291	66
928	5
0	0
15	0
3	0
2	0
259	0
421	1
958	0
3	0
58	0
5	0
600	0
0	0
194	1
592	0
2	0
0	0
292	0
4147	1
13	0
366	1
841	1
300	0
303	0
104	0
132	0
30	0
50	0
257	2
250	2
1087	0
34	0
11	0
0	0
287	0
143	0
500	0
36	0
6	0
65	0
441	4
839	17
339	17
52	0
193	11
704	11
493	0
1350	0
168	2
99	2
243	0
177	1
459	3
4743	1
13	0
20	0
10	0
91	0
1967	0
653	0
2	0
3	0
33	0
345	0
1966	23
25461	38
76	0
112	0
120	0
292	0
116	23
90	25
570	2
0	0
33	0
1030	1
1094	14
387	13
272	0
32	2
31	2
187	0
626	0
60	0
676	0
2179	0
2787	0
1406	0
180	4
55	5
143	0
1769	1
17	0
16	0
882296	568
350	0
153	0
486	4
829	2
17	0
2650	5
709	0
702	1
598	1
947	5
399	10
268	6
23	0
18315	11
0	0
1798	1
838	0
243	0
2	0
14254	15
212	4
569	4
1566	0
15637	5
53	0
735	12
635	35
2260	22
705	0
1454	0
174	0
13815	114136
168	0
3351	3
23	0
31	0
76	0
94	0
1308	4
28	0
146	0
160	1
228	1
50	0
10	0
700	1
818	1
67	0
87	0
20	0
178	0
216	0
401	0
368	0
482	2
11	0
286	0
614	1
40	0
87	0
274	4
95	7
171	3
143	0
0	0
0	0
1294	46
203	44
6	0
0	0
11	0
80	0
4	0
2	0
37	2
191	2
13	0
8664	13
727	0
22	0
51	0
1364	0
629	27
658	27
238	2
173	0
661	0
178	0
0	0
23	0
130	0
286	0
1045	1
845	2
244	12
110	15
235	4
450	0
79	0
138	0
23	0
621	2
658	2
3659	6
614	0
122	0
17	0
19	0
68	0
32	0
120	0
218	2
59	2
0	0
0	0
44	0
29	0
173	0
3112	1
172	0
1168	1
374	0
127	0
299	0
19660	15
0	0
270	0
1140	0
7	0
31413	17
324	0
217	0
212	0
13681	3
1365	3
0	0
733	0
632	35
852	34
85	0
8149	10
122	1
70	1
126	0
41	0
471	0
14	0
34	0
493	6
180	5
202	0
21	0
441	0
810	0
1331	11
487	10
165	3
67	3
381	0
0	0
3597	8
5321	12
1695	3
62	0
40	0
960	0
168	1
443	1
14	0
116	0
222	0
35	1
97	4
61	3
39	0
159	2
380	0
929	0
87	0
5	0
20	1
134	1
419	0
191	0
39	0
201	2
124	0
221	0
383	0
5	0
805	0
216	0
5024	3
720	0
28	0
16	0
23565	220
2389	227
4546	35
38	0
47	0
863	4
155	5
0	0
10	0
85	2
39	5
55	3
272	0
54	5
1088	9
266	4
6	0
7	0
11	0
133	0
246	0
209	0
62	0
282	2
302	3
598	3
283	5
543	1
253	0
900	0
109	3
73	3
0	0
378	3
133	3
139	0
205	0
650	10
524	10
69	0
4162	4
443	0
10	0
502	4
7121	5
28	0
393	0
5	0
21	0
9	0
1080	0
1801	3
112	0
2924	5
1	0
8	0
15	0
47	0
51	0
4	0
416	1
5341	21
1712	42
2348	47
1886	28
135	0
597	1
51	0
315	0
687	1
647	1
0	0
1835	0
468	0
71	0
0	140793
118	0
228	0
3	0
37	0
45	0
201	0
268	1
297	0
1080	1
225	0
325	1
279	0
4	0
893	3
843	3
520	0
282	0
220	0
871	7
442	14
347	24
314	17
0	0
37	0
376	0
19083	18
13291	10
183	0
32	0
21	0
10	0
2	0
453	12
528	12
307	1
133	4
146	3
13	0
49	0
143	0
225	0
39	0
344	0
742	1
829	3
181	11
430	8
372	3
943	21
250	18
692	31
926	32
392	2
732	3
13794	6
985	0
209	0
1476	0
229	0
4910	3
202	0
24	1
14	0
56	0
66	0
471	0
3758	2
715	0
507	0
23	0
576	0
78	0
293	0
0	0
150	0
78	0
113	0
159	1
286	1
358	0
2	0
0	0
320	1
11	0
27	1
14	1
6	0
119	5
633	7
292	0
7	0
1	0
9	0
6	0
3	0
9	0
13	0
1103	7
119	3
210	1
14	1
12	0
19	0
4	0
1	0
1	0
2	0
0	0
0	0
0	0
4	0
5	0
3	0
2	0
0	0
0	0
8	0
21	0
5	0
5	0
5	1
0	1
0	0
0	0
0	0
0	0
3	0
0	0
1	0
0	0
0	0
4	0
0	0
0	0
0	0
0	0
0	0
8	0
0	0
5	0
0	0
3	0
9	0
0	0
0	0
1	0
8	0
374	0
1797	3
163	0
690	3
1105	7
207	4
260	0
470	9
4804	29
1262	16
114	0
68	0
770	0
78	0
19	0
9	0
43	0
223	0
1678	0
2644	2
14	0
232	1
741	0
16	0
1025	0
3387	1
239	0
1	0
6	0
0	0
1	0
0	0
0	0
304	1
610	1
244	0
0	0
10	0
5903	4
1245	2
856	2
458	0
147	1
733	0
1064	1
884	0
2348	3
244	8
399	6
47	0
2783	25
370	24
1056	4
1172	3
210	1
4294	5
869	0
526	0
0	0
2	0
53	0
411	0
46	0
24	1
112	1
68	0
368	0
3	0
0	0
0	0
0	0
15	0
2	0
71	0
36	2
39	2
36	0
6059	3
215	2
81	4
276	2
47	5
82	5
65	0
3	0
52	0
1157	24
424	24
339	0
910	0
211	0
2326	2
1359	2
1362	22
764	20
673	29
14132	33
2258	52
1657	52
428	0
4	0
132	0
3754	6
31	0
11	0
9	0
18	0
43	0
0	0
1087	0
207	0
7	0
14	0
51	3
218	3
183	0
2	0
32	0
1574	2
158	0
450	0
603	1
56	0
116	0
16	0
66	0
78	0
1279	31
976	31
2774	0
33	0
5680	7
519	2
447	3
630	1
10	0
22	0
170	0
1176	1
110	0
13936	10
1613	0
675	0
396	0
407	0
289	19
2984	20
7391	25
38243	43
3	0
1184	1
241	0
660	0
390	19
750	22
0	0
2	0
693	7
1084	7
8	0
11	0
9	0
11	0
1	0
17	0
663	0
17	0
15	0
227	0
82	0
15	0
2475	0
32	0
59	0
123	0
184	0
146	2
174	4
95	3
649	2
28	0
58	1
66	1
93	11
86	11
9	0
63	1
463	1
1384	1
26	0
7	0
12	2
11	2
31	0
33	0
53	0
15	0
9	0
3	0
110	0
1	2
5	2
4	0
0	0
199	0
115	0
46	0
384	0
2	0
10	1
10	1
4	0
6	0
61	0
107	0
65	0
33	0
82	0
161	0
93	0
45	0
129	0
0	0
108	2
114	2
118	0
48	0
1	0
228	0
19	0
30	0
16	0
44	0
87	0
5652	1
3630	10
5611	10
327	39
69	39
36	0
30	0
81	0
22	0
196	8
276	8
2	0
0	0
1223	7
6060	82
6568	69
12287	8
15	0
27	0
9	0
79	0
72	0
39	0
34	0
45	0
18	0
0	0
3	0
82	0
41	4
372	3
0	0
1	0
30	0
116	0
0	0
20	0
249	0
3	0
6	0
5	0
97	0
95	3
28	3
1016	1
212	0
276	2
502	3
604	3
216	0
3	0
3	0
181	0
102	3
199	0
10	0
134	0
0	0
0	0
9	0
1415	1
766	1
129	0
0	0
26	2
12	2
44	0
2	0
47	0
208	8
427	8
0	0
0	0
6	0
0	0
7145	2
183	0
583	0
1055	1
1090	1
413	0
9090	8
146	0
2597	6
2901	11
1649	41
944	81
2467	63
1053	17
480	0
2544	23
547	23
1011	31
1366	104
285	74
10	0
7	0
219	7
217	6
157	0
289	0
1364	0
159	0
361	0
1203	9
999	13
2805	6
2148	2
239	2
600	1
837	2
6470	4
207	0
7	0
25	0
183	0
264	0
753	1
98	0
207	0
352	1
307	1
730	1
168	2
300	3
55	1
7467	363
1689	375
6086	77
6011	68
372	0
2062	3
1448	3
447	0
7812	1
2321	17
7362	18
173	0
584	0
815	4
641	0
855	2
267	4
380	2
3510	28
1997	26
31	0
1809	4
1259	3
294	1
1188	22
1606	35
269	13
298	0
3019	0
4465	11
959	9
81	0
4618	9
7120	13
466	0
0	0
316	3
482	12
1043	13
0	0
64901	37
19762	118
9075	117
10938	12
5548	5
9566	910
8901	903
2078	1
7	0
134	0
93	1
417	1
17404	15
40	0
1015	0
7431	5
1414	0
177	0
60	0
14	0
54	13
234	26
142	14
218	0
2476	7
598	3
715	3
1854	3
491	4
824	4
0	0
58	2
42	4
821	3
2216	4
842	6
9	0
84	0
90	0
390	0
399	0
241	0
316	0
6883	91
4447	219
4446	180
881	124
10143	88
53	1
257	1
2369	6
45533	43
6148	93
1529	84
208	0
15283	291
16438	568
19565	282
567	1
310	0
186	1
153	0
466	0
2616	0
107	0
24	0
68	0
2	0
445	7
1111	3
63	12
307	12
463	1
9307	118
7077	163
8561	53
2477	5
277	9
231	10
397	2
612	0
194	3
1386	3
290	0
3034	3
396	0
297	0
8	0
178	0
3974	1
37	1
102	1
17	0
2803	5
24	0
66	0
2827	1
154	0
410	0
367	0
44	0
2770	3
90	1
167	2
35	2
104	1
2231	1
8	0
31	0
11	0
198	1
29	1
0	0
23	0
301	1
6	0
1279	2
150	0
414	0
31	0
11233	5
7	0
0	0
10	0
11	0
333	0
35	0
32	0
20	0
7	0
25	2
46	3
63	1
89	0
31	0
17	0
18	0
35	0
1869	0
3	0
87	0
60	1
67	1
4	0
18	0
160	0
46	0
92	0
1	0
15	1
33	1
117	0
819	11
1619	12
15	0
221	0
14	0
192	0
0	0
0	0
919	0
2564	0
418	0
82	0
4630	0
17	0
117	0
53	0
74	2
207	0
1096	218
3394	227
8313	12
131	1
65	0
141	1
180	0
4261	2
1747	0
1278	1
5322	2
198	0
231	0
18	0
0	0
676	0
142	0
152	0
151	0
10	0
0	0
0	0
15	0
66	0
30	0
6	0
3	0
1418	0
0	0
252	0
2	0
23	0
168	0
811	1
300	0
2	0
0	0
206	0
0	0
7	0
1819	0
212	0
211	1
656	1
923	0
1	0
227	0
260	0
1229	1
154	0
164	0
3720	2
1652	1
0	140788
266	9
923	18
624	10
475	10
448	7
440	0
1354	3
1502	3
1055	0
1	0
182	0
139	0
167	1
177	1
27	0
15	0
16	0
0	0
80	0
70	0
51	0
325	0
522	1
223	1
668	3
576	5
793	0
27	0
144	0
122	4
153	6
132	1
10	0
4	0
778	5
492	0
101	13
682	14
1216	0
137	0
6927	42
1554	40
58	0
266	0
0	0
2025	0
241	5
1099	5
128	0
72	1
140	0
856	3
89	0
11	0
457	12
1023	13
411	0
142	0
501	2
115	0
321	0
86	0
104	0
9	0
846	0
221	1
6090	4
350	0
293	3
301	3
4381	1
11824	4
0	0
183	0
64	1
1262	0
666	0
17	0
655	2
33	2
1780	1
0	0
278	0
11	0
138	0
69	0
242	3
39	0
166	0
3788	3
103	0
313	0
513	2
154339	92
4765	3
51	0
380	0
189	0
7	0
2355	5
247	2
39	2
281	0
1450	2
94	0
160	0
187	0
254	0
1975	3
821	1
75	0
13	0
48	0
69	0
5	0
38	0
34	0
143	0
55	0
208	0
1043	5
1589	1
226	0
96	1
70	2
35	0
12	0
431	4
57	0
2	0
178	0
64	0
282	0
89	0
14	0
73	3
91	4
111	1
68	0
2	0
5	0
19	0
116	0
28	0
1081	0
2	0
394	0
114	0
4	0
70	0
86	0
358	0
529	8
571	13
3441	5
85	0
220	1
10	0
583	0
714	1
66	0
66	0
284	0
0	0
357	2
442	2
56	0
23	0
13	0
2061	0
19	0
43	0
18	0
20	0
2	0
2	0
71	0
573	76
746	81
405	8
46	2
2	2
53	0
278	14
238	18
318	4
274	0
0	0
895	8
956	8
44	0
684	0
304	0
42	1
80	1
516	0
4871	4
467	0
311	0
2	0
428	1
63	1
178	3
131	3
326	0
84	0
76	0
2	0
27	0
0	0
51	16
136	16
164	0
126	1
24	1
82	0
167	0
11	0
0	0
877	1
46	0
193	0
764	246
268	0
0	0
4	0
2	0
2	1
13	1
218	1
17	0
2	0
0	0
7	0
0	0
6	0
12	0
6	2
7	2
658	7
171	7
0	0
0	0
104	0
130	0
64	0
100	1
75	0
101	1
135	1
116	0
695	0
321	0
201	0
94	0
1503	0
65	6
1915	9
70138	34
544	6
607	6
964	0
1447	1
500	3
4	0
425	0
281	0
238	4
151	2
220	0
394	0
15	0
1	0
6	0
7	0
1	0
51	0
16	0
17	0
6	0
3	0
59	0
11	0
232	0
162	0
332	1
472	4
138	4
55	3
195	2
36	0
241	0
56	0
6	0
15	0
16	0
68	0
95	0
1200	1
45	0
395	9
107	9
10	1
86	0
29	0
5	0
977	1
1990	3
108	0
4	0
133	0
9	0
31	0
131	1
102	1
27	0
12	0
225	0
33	3
201	4
115	1
29	0
33	0
11	0
693	2
128	10
91	10
107	2
95	0
116	0
139	0
2050	0
68	13
157	0
53	0
64	0
32	0
13	0
480	0
889	0
1168	0
1222	0
597	0
6685	6
2501	1
64	1
69	0
1389	1
9	0
0	0
12	12
0	0
6779	6
114	0
8	0
23	0
805	2
1831	0
4	0
3	0
8	0
4	0
8	0
20	0
16	0
1	0
1330	2
1299	4
326	4
357	0
11	1
29	1
367	0
19	0
12	0
5111	4
154	0
485	0
1209	11
575	11
900	14
373	11
2570	53
2582	53
247	0
1719	13
362	14
817	0
777	2
5154	18
494	7
553	0
1020	0
432	4
1534	0
1692	15
178	12
937	0
438	0
1861	5
7707	0
8986	4
300	2
649	2
604	19
1033	33
616	27
940	23
1554	36
1019	36
717	20
801	38
188	35
1427	15
732	17
965	9
2908	2
7	0
3022	1
33	0
4261	1
411	5
422	5
77	0
138	0
48	0
198	0
50	0
48	0
16	0
381	0
349	945
1271	4904
1456	0
30	24
52	24
269	9
153	17
158	9
139	0
113	3
59	4
21	2
217	2
384	2
220	0
489	6
352	5
58	1
237	1
1456	1
0	0
92	0
316	0
10	0
0	0
0	0
254	1
555	23
374	22
414	0
328	4
7877	2
0	0
172	5
2390	7
3773	4
6779	3
12379	10
15002	15
16905	18
21893	15
6923	220
7377	330
42598	137
56716	28
198	3
4753	429
14272	598
8989	650
4373	708
14111	506
2499	418
4727	385
12573	462
6553	594
2197	840
4264	529
5811	403
3936	627
10288	388
1050	118
5121	358
9151	591
3309	295
7027	180
1278	288
4287	177
8014	101
3031	97
603	0
1331	1
0	0
5256	27
2871	26
4254	6
5390	2
186	0
506	2
1128	1
7	0
3607	74
3713	74
1319	2
310	0
90	0
70	0
127	2
64	2
0	0
164	0
121	0
200	0
36	0
25	0
175	8
72	11
346	3
27	0
39	0
26	0
22	0
70	0
90	0
1	0
9982	19
37884	25
199	2
1315	8
424	4
171	0
3	0
89	0
411	0
4824	1
4032	1
15	0
1276	0
2796	3
1151	0
1267	2
1142	1
540	0
4151	2
9	0
1892	0
80	0
70	1
251	1
374	7
685	7
109	0
461	0
1723	0
457	0
113	0
473	1
295	0
341	0
310	7
437	7
63	0
25369	290
18685	284
13	0
12	0
812	0
621	10
3275	11
13	0
1304	1
2014	30
1030	28
204	0
8696	2
433	3
322	4
0	0
0	0
13	0
186	0
16	0
0	0
9	0
30	0
42	0
84	3
295	3
312	0
85	0
951	0
348	2
1	0
0	0
12	0
4	0
183	0
195	0
64	16
839	16
487	0
3802	120
10099	147
1229	81
1015	66
683	0
347	0
200	3
270	3
255	0
51	0
181	0
27	0
377	0
132	0
3	0
7	0
1	0
1	0
2	0
1	0
630	0
4310	2
205	4
137	16
200	12
46	0
144	0
276	2
52	2
949	14
682	14
151	0
21	0
3	0
69	0
3	0
4	0
36	0
153	0
137	5
737	32
408	27
1716	0
84	0
22	0
268	10
499	21
491	11
1	0
8	0
435	0
21	0
736	0
306	2
173	0
3951	0
647	1
38	0
1894	1
489	0
0	0
41	1
1421	3
430	0
244	0
1317	0
133	0
2095	0
130	0
10463	3
3570	2
898	0
16	0
684	0
44	0
463	0
6843	4
37	0
37	0
22	0
106	0
202	1
219	5
180	5
8	0
282	5
143	5
4671	1
96	0
1043	21
934	21
1107	0
21	0
138	18
192	18
355	1
42	0
808	0
14974	9
31	2
300	0
0	0
0	0
2	0
1	0
1	0
0	0
3	0
0	0
4	0
0	0
1	0
3	0
5	0
8	0
3	0
70	0
7	0
0	0
0	0
5	0
6	0
5	0
3	0
3	0
5	0
6	0
1	0
239	0
153	0
35	0
74	6
84	6
57	0
114	0
48	0
360	0
306	4
707	5
290	3
590	1
422	0
164	0
113	0
248	0
295	0
338	14
753	14
687	0
415	0
113	0
10	0
40	0
11	0
1712	0
144	0
2982	4
8945	3
639	0
1928	142
4822	142
89	0
254	0
58	0
106	0
67	4
89	4
47	0
1014	0
748	3
148	0
386	0
1085	1
4494	1
485	0
2882	2
3841	3
1040	0
271	0
58	1
316	1
54	0
1650	3
631	3
39	0
1077	1
130	0
1	0
602	0
52	0
180	3
374	0
67	0
1398	1
60	0
228	4
91	2
28	0
7	0
2896	2
3849	19
39028	48
3099	32
2944	57
3036	25
173	0
8	0
4	0
4	0
1	0
10	0
1061	0
740	0
1298	8
72	8
2470	1
39	0
114	0
1652	0
534	0
39	0
769	1
1585	0
317	0
112	0
149	0
1455	0
106	1
91	0
3108	61
4191	64
1304	1
355	0
277	1
3524	3
4	0
7	0
96	0
257	0
173	1
82	0
232	0
261	0
30	0
3	0
112	0
3	0
26	0
25	0
247	0
1661	0
2010	1
117	0
1427	4
688	0
166	0
504	3
512	3
6	0
0	0
4	0
5	0
3	0
4	0
12204	6
968	0
15	0
1059	0
146	0
166	0
288	1
766	2
469	0
994	2
643	0
1866	0
238	21
148	23
17	2
1707	0
49	0
69	0
762	29
3034	32
962	0
322	0
156	1
864	1
798	0
22827	15
454	2
269	0
7491	1
36	0
610	1
23	0
10	0
261	0
462	1
25	0
470	2
146	1
6089	172
814	165
37	0
16	0
784	2
2042	2
352	1
516	3
33	20
224	20
137	0
470	5
89	1
51	2
131	1
13	0
279	0
1574	0
794	0
338	0
1320	36
400	34
9	0
12	0
29	0
80	0
89	1
51	0
113	0
579	0
145	0
26	0
10614	0
115	1
137	0
1563	2
626	32
822	32
2589	2
900	0
3015	2
272	5
25	5
36	0
73	0
22	0
55	0
205	0
65	0
35382	22
537	7
686	8
66	0
1468	0
88	0
0	0
27	0
80	0
693	23
252	27
178	9
209	6
1035	1
48	0
83	0
518	0
161	0
67	0
257	0
164	0
107	0
8	0
2	0
27	0
31	0
0	0
4	0
91	1
421	2
126	16
43	16
225	0
1175	0
216	0
4	0
1	0
14	0
58	0
21	2
29	2
6	0
13	0
105	3
150	3
6	0
57	0
1853	2
4581	5
18367	183
6730	285
5593	110
3800	6
3633	187
12842	188
657	90
15406	98
11661	3
8002	8
29681	22
12741	4
44206	188
14933	179
29419	159
109754	228
17914	11
38984	107
86716	153
18208	11
11558	8
365	0
15238	7
28155	31
16991	27
10821	70
16246	75
4488	16
18642	136
24327	137
1255	0
1918	3
17	0
5	0
17	0
182	0
52	4
51	4
0	0
261	11
248	11
7	0
10	1
11	1
19	3
6	5
42	3
4	1
0	0
17	0
50	0
1	0
2	0
0	0
14	0
15	0
6	2
6	2
20	0
0	0
147	0
93	1
193	1
1568	44
2867	44
586	0
5136	5
10670	11
850	3
830	0
559	2
216	2
233	0
91	0
17	0
740	2
439	0
2065	17
1659	112
9450	193
7351	94
21418	198
10130	415
19462	234
1451	0
158	1
249	9
255	8
3206	102
933	108
873	29
1996	51
4944	114
1563	164
4899	178
4116	399
12726	395
6920	470
11662	523
6385	127
283	0
43	0
86	0
68	0
1085	0
2517	2
218	1
100	1
158	0
655	3
360	2
410	0
76	0
1519	12
2207	16
19	0
70	0
4976	1
2890	1
1264	0
7837	31
3399	27
39	0
91	1
97	1
402	0
419	18
235	22
460	4
1139	4
374	2
422	0
11470	9
189	0
2140	2
1842	1
171	9
312	8
2041	2
180	0
215	0
2255	0
39	7
36	10
308	3
10	0
208	0
0	0
0	0
3	0
73	0
55	2
200	2
53	0
57	0
243	0
36	0
1	0
7	0
1	0
60	1
1547	0
133	0
170	0
207	0
219	0
1259	2
279	0
405	0
45	0
8	0
716	2
571	2
11	0
5	0
4888	2
126	0
0	0
4	0
77	0
776	1
129	0
17	0
2	0
10	0
1198	3
23	3
39	3
37	2
7	2
9	0
1	0
143	3
254	3
2	0
178	1
20	1
4	0
2	0
8	0
0	0
141	0
171	3
196	3
204	0
370	0
5992	22
2344	15
2807	0
703	0
281	0
199	0
619	0
6929	3
1017	7
1023	34
1198	30
102	3
138	0
25	0
0	0
224	0
172	0
356	0
19	0
342	6
455	7
181	1
1211	1
506	0
422	19
2977	48
414	80
4728	53
191	1
359	1
81	1
299	0
16	0
240	0
123	0
708	0
76	0
382	0
313	0
423	4
133	4
4011	1
629	0
83	0
6247	61
28978	85
1	0
4	0
27	0
26	0
59	1
5	1
173	20
3092	213
251	192
20205	25
769	206
154	216
732	25
7	0
68	0
1	0
224	2
889	0
3012	0
8535	4
0	0
2267	53
5593	149
3618	109
7972	8
2481	5
4566	7
25	0
3	0
52	0
72	0
28	0
60	0
155	0
89	0
128	1
52	0
24	0
3	0
38	0
2531	1
244	0
26	605
760	2
1772	98
3685	30
313	617
285	18
276	70
1544	3
106	1
515	6
1684	4
808	0
0	0
0	0
0	0
268	1
593	6
260	5
43	0
998	0
50	0
55	0
528	33
809	33
2585	2
73	0
378	3
353	4
2747	6
147	0
517	0
86	3
553	2
337	0
2178	152
815	212
3019	62
136	0
510	0
80	0
0	0
422	0
155	0
40	0
1002	1
2472	3
44	0
159	0
9	2
1	2
16	0
2309	0
35	0
2575	0
4211	51
1647	51
52	3
92	3
1923	0
231	0
742	81
2839	82
261	0
143	1
72	3
43	1
7	0
7	0
184	0
1	1
9455	0
5780	2
1151	0
3006	219
1754	218
693	0
195	3
85	3
34	0
49	2
0	0
1	0
1054	16
252	16
10861	7
297	0
188	1
643	1
79	0
173	0
214	0
41	0
29	0
10	0
4	0
119	0
35	0
10	0
148	0
4770	5
392	0
6	0
36	0
4230	0
148	0
970	21
1460	19
996	0
182	0
59	0
1297	2
119	0
38	0
67	0
384	21
1105	23
11353	12
189	9
770	17
456	9
510	0
27	0
38	0
44	0
38	0
419	0
1492	5
394	0
35	2
294	2
228	1
112	1
270	2
534	2
324	0
153	1
199	1
914	1
13	0
1517	1
5267	1
310	1
148	4
79	4
613	2
539	3
875	0
438	0
1932	2
1289	6934
0	144299
354	0
1577	0
1289	0
1089	1
463	0
1342	3
312	5
104	2
1596	2
218	0
39	0
67	0
33	0
410	0
119	0
173	6
26	6
63	0
24	2
311	2
5391	38
1081	36
31	0
45	0
119	0
902	30
924	36
3355	50
1577	45
48	1
23	1
177	1
1116	3
242	0
1469	528
819	528
216	2
112	0
823	1
317	0
11	0
2838	2
211	0
3	0
10	0
5	0
454	0
405	0
357	0
2239	0
1267	0
186	0
70	0
102	0
208	0
282	0
173	0
664	0
42	0
243	0
10	0
32	0
4487	3
35	0
5369	0
1252	0
94	2
196	2
118	0
12	0
135	0
2632	3
5021	39
4664	41
799	1
30	0
107	0
393	0
384	11
341	9
32	0
115	0
913	0
96	0
321	0
250	6
422	6
26869	11
36	0
3	0
9	0
53	0
0	0
4	0
5	0
2	0
0	0
17	0
385	25
1542	31
27	3
5	3
8	1
2	1
0	0
2	0
0	0
14	0
13	0
58	0
0	0
242	0
289	0
91	9
235	9
2	0
74	0
13	0
24	0
1	0
1	0
2	0
13	0
24	2
77	2
25	0
1477	13
189	11
0	0
99	0
193	0
61	0
62	0
30	1
17	1
117	0
242	0
495	0
441	6
293	6
181	0
377	0
116	1
490	1
1324	4
463	6
126	0
162	0
143	1
3509	93
617	97
224	7
671	2
831	21
1837	22
1752	30
1055	31
81	1
306	0
723	0
477	13
261	13
1112	1
64	0
30	0
9	0
7	0
9	0
29	0
47	0
415	0
38689	33
524	0
192	0
174	0
188	0
1324	25
208	25
5	0
24	0
343	6
642	6
200	0
1539	1
115	0
26	0
87	0
13	0
40	0
127	0
1953	3
9	0
50	0
525	0
77	0
124	0
10	0
13	0
12420	4
274	0
818	1
217	1
173	1
73	0
876	1
114	5
187	4
5153	3
6	0
40	0
5709	63
3636	65
556	0
10	0
93	0
1446	0
701	0
5	0
747	4
8640	9
17	0
335	0
385	2
313	3
362	0
10528	8
139	0
30	1
83	0
2525	7
547	1
158	0
129	0
663	4
143	4
67	2
335	2
143	0
42	0
129	2
14	0
33	0
239	0
114	0
245	0
41	0
268	0
804	0
139	0
5	0
2	0
0	0
456	1
153	0
46	0
64	0
300	9
196	9
415	2
0	0
1188	6
961	19
701	43
754	41
51	11
1784	0
755	0
49	0
645	0
175	0
36	1
47	0
285	4
75	4
10	0
89	0
294	0
27	0
2	0
1	0
2	0
3	0
0	0
9	0
1	0
9	0
0	0
37	0
3	0
50	0
6	0
126	0
388	0
15	0
176	0
1048	1
95	0
73	0
213	0
12	0
34	0
18	0
396	0
397	0
121	0
13	3
51	3
23	0
112	0
451	0
132	0
76	0
69	0
73	0
229	0
83	0
225	0
124	0
33	0
182	0
13	0
5	0
14	0
4	0
4	0
8	0
0	0
1	0
2	0
1	0
21	0
53	0
610	5
71	5
171	3
24	1
29	0
10	0
367	1
331	0
15546	26
24423	189
13323	504
84745	399
33	0
10	0
20	0
491	6
925	6
288	0
85	0
75	16
119	16
27	0
21	0
29	0
18	0
103	0
6	0
40	0
9	0
243	8
521	9
2009	0
10	0
83	0
218	2
132	0
53	0
118	0
4	0
0	0
30	1
49	1
811	0
46	0
99	0
876	6
365	13
323	7
348	0
17	0
440	0
207	1
782	2
109	0
15	0
6	0
0	0
4	0
124	0
1383	0
79	0
39	0
42	0
170	0
420	17
477	14
386	0
861	0
907	0
3451	2
57	0
498	0
229	1
90	2
90	1
83	0
76	0
40	0
117	0
2651	74
1697	72
328	5
156	18
257	13
17	0
44	0
81	0
484	0
29	0
241	0
78	0
39	0
144	0
998	0
204	0
16	0
720	13
919	22
1968	22
744	13
39	0
320	0
0	0
37	0
62	0
129	0
228	0
735	0
52	0
71	1
117	1
131	2
99	0
90	0
6	0
0	0
26	0
293	0
16	0
102	0
157	4
162	4
143	0
17	0
179	3
745	5
0	0
37	0
14	0
4	0
2	0
10	0
12	0
6	0
13	0
54	0
151	1
93	0
78	0
161	0
1372	2
306	1
211	0
4	0
10	0
9	0
5	0
6	0
162	0
12	0
11	0
12	0
13	0
3	0
25	0
46	0
0	9
3	49
174	2
2	50
3	569
19	0
1	0
193	0
0	0
2	0
5	0
0	0
2	0
24	0
5	0
0	0
6	0
2	0
317	5
88	3
85	1
406	1
234	0
581	0
19	0
291	22
857	26
533	11
48	11
97	0
105	0
929	2
32761	19
73	0
12	0
48	1
15	1
81	0
63	0
46	0
10	0
11	0
18	0
8	0
69	0
7	0
36	0
64	0
30	0
34	0
19	0
3	0
5	0
1	0
3	0
1	0
10	1
5	1
9	0
6	0
4	0
2	0
14	0
3	0
10	0
121	0
196	0
30	0
28	1
14	1
4242	1
49	0
244	0
71	0
481	1
139	0
140	0
1631	7
1372	10
2100	2
146	0
204	0
0	0
1013	2
151	0
65	0
314	0
261	0
2249	3
61	0
37	0
557	1
79	0
75	0
0	0
30	0
678	0
417	0
366	0
47	18
337	12
597	18
361	19
240	14
354	7
309	7
94	0
229	0
288	1
1073	2
17	0
0	0
6	0
9	0
305	1
72	1
190	0
364	0
5	0
2691	2
405	0
43	0
719	0
30	0
5	0
2	0
8	2
15	2
48	0
27	0
12	0
4	0
3	0
7	0
70	1
0	0
4	0
0	0
0	0
0	0
27	0
55	0
22	0
78	1
141	1
150	10
111	10
588	2
435	2
296	1
50	0
52	0
5241	1
12	0
19	0
34	0
28	0
14	0
11	0
0	0
0	0
0	0
7	0
8	0
40	0
16	0
0	0
0	0
9	0
10	0
117	0
105	0
70	0
10	0
192	6
214	3
214	3
159	0
102	0
68	0
133	0
46	0
361	3
259	3
84	0
5	0
72	0
15	0
3	0
15	0
7	0
16	1
24	1
68	0
11	0
20	0
3	0
24	0
51	0
4	0
2	0
2	0
0	0
4	0
8	0
27	0
0	0
5	0
10	0
19	0
73	0
15	0
2	0
365	1
312	6
929	13
250	9
339	3
620	15
152	12
6	0
6	0
41	0
146	1
50	1
27	0
21	0
2	0
3	0
25	0
10	0
14	0
28	0
70	0
10	0
1	0
1	0
17	3
34	3
5	0
9	0
0	0
1	0
195	0
3	0
2	0
14	0
36	3
44	3
224	1
5	0
1	0
6	0
4	0
17	0
3	0
47	0
11	0
553	0
562	0
19790	4
252	0
17	0
10	0
67	0
43	0
44	0
189	0
172	0
40	0
125	0
251	2
168	2
357	14
794	14
10	0
55	0
71	0
42	0
39	0
78	0
60	3
12	3
16	0
44	0
6	0
0	0
22	0
6	0
9	0
54	0
37	1
53	0
39	0
54	1
38	1
6	0
250	2
179	1
730	3
57	0
21	0
441	0
350	2
10	0
64	0
136	0
144	0
105	0
120	1
83	1
29	0
183	0
438	9
171	11
165	3
12	0
28	0
230	0
59	0
4	0
2	0
31	0
96	0
14	0
9	0
18	0
0	0
1	0
45	0
35	0
228	0
72	0
41	0
4	0
24	0
101	0
308	0
275	0
22	0
24	0
20	0
152	0
3	0
0	0
92	0
35	0
11	0
0	0
1	0
0	0
6	0
19	0
251	0
376	3
747	0
109	0
4473	8
1971	3
1771	0
229	0
1751	2
39089	30
931	1
96	1
14	0
437	0
30	0
5	0
6	0
0	0
0	0
15	0
7514	9
7398	9
216	3
108	3
12502	7
53	0
22	0
4	0
1	0
7	3
17	3
2715	3
17	0
0	0
10	0
71	0
560	0
387	0
23	2
20	2
259	0
498	0
118	0
137	0
477	2
98	0
97	2
94	2
781	6
837	2
1429	0
817	0
232	0
4	0
0	0
2	0
8	0
59	0
30	0
208	0
4725	0
322	10
908	12
12	1
14	0
7	0
20	0
9	0
199	0
75	349
99	805
33	0
101	0
61	0
12	0
5	0
1	0
4	0
869	0
27	0
25	0
71	0
1273	3
269	3
289	1
86	0
0	0
50	0
1604	8
143	8
103	0
84	0
28	0
6	0
2	0
217	0
729	0
127	5
158	7
115	3
65	2
705	8
2463	0
73	0
36	0
52	0
31	0
57	0
43	0
323	0
2	0
4	0
17	0
13	0
5	0
11	0
0	0
2	0
81	0
101	0
79	1
408	1
33	0
61	0
159	247
9	0
69	0
74	0
1238	1
389	0
97	0
818	0
45	0
190	0
6	0
30	0
26	0
97	0
16	0
22	0
1	0
0	0
2	0
8	0
8	0
3	0
7	0
4	0
33	0
18	0
5	0
2	0
12	0
4	0
4	0
4	0
0	0
3	0
5	1
1	1
0	0
8	0
30	0
109	0
6	0
10	0
11	0
4	0
1	0
16	0
5	2
11664	5
253	0
658	0
918	1
53	0
22	0
323	8
856	8
195	0
157	0
442	0
376	0
3327	0
1518	0
4	0
39	0
25	0
16	0
24	0
3	0
23	1
86	0
15	0
24	2
26	1
24	0
9	0
15	1
24	1
509	22
767	22
2031	0
46	3
1228	3
244	0
232	0
27	0
353	0
92	0
140	0
46	0
107	0
0	0
31	1
173	1
49	0
60	2
77	2
2	84
5585	4
12	0
19	0
0	0
108	0
421	0
84	0
200	0
618	18
2210	19
2	0
27	0
42	0
0	0
1	0
4	0
10	0
1	0
0	0
23	0
80	0
10	0
1248	0
0	0
29	0
9	0
19	0
1402	19
3107	21
0	0
2	0
3	0
2	0
19	0
13	0
18	0
11	0
14	0
11	0
296	1
210	22
1002	22
506	27
359	27
594	2
22	3
9	1
15	0
37	0
0	0
0	0
150	0
356	15
666	15
292	1
827	1
362	1
3789	31
2362	73
947	45
633	1
12	0
125	0
56	0
493	0
1851	2
28	0
37	0
260	0
242	3
84	0
424	15
101	15
291	1
2	0
104	0
352	69
303	69
1169	24
843	27
3	0
919	1
3	0
10	0
377	0
618	3
3	0
105	6
183	6
802	9
193	3
1024	1
11	0
8	0
166	0
123	0
3006	1
35	2
7	2
17	0
15	4
4	4
97	3
286	0
7	0
21	0
126	0
369	9
120	11
18	0
2	0
0	0
1	0
14	0
55	0
1089	0
50	0
392	0
4	0
236	1
223	0
97	0
134	0
332	0
103	0
143	0
206	38
252	38
833	46
579	49
12	0
1929	2
3536	2
608	0
4	0
26	0
36	0
52	0
290	0
147	0
21	0
2334	3
0	0
111	0
63	0
313	2
1032	2
119	1
155	0
429	1
32	0
23	0
3	0
7	0
48	1
303	1
19	0
832	0
277	0
49	0
14	0
0	0
5	0
6	0
407	0
223	0
95	0
237	0
0	0
10	0
641	0
9	0
1330	1
611	0
408	0
86	2
0	0
35	0
0	0
524	1
13	5
13	5
28	0
131	0
4	0
21	0
48	0
133	0
29	0
41	0
4219	4
333	0
0	0
6	0
175	0
88	2
226	2
34	0
23	1
56	1
109	0
5	0
92	0
0	0
3	0
7	0
0	0
0	0
0	0
23	0
671	6
1099	5
130	0
24	1
20	1
575	5
325	4
20	3
129	3
302	0
1	0
6	0
101	0
3	0
0	0
205	1
33	0
1	0
3	0
146	0
832	15
416	11
108	0
86	0
71	0
1	0
2	0
4	0
4	0
21	0
23	1
19	1
24	0
6	0
10	0
5	0
16	0
27	0
151	0
119	0
32	0
7	1
20	1
239	2
57	2
1	0
5	0
12	0
37	0
13	0
15	0
2	0
3	0
6	0
10	0
1	0
6	0
15	0
12	0
1	0
1	0
62	0
24	0
2	0
3	0
2	0
0	0
8	0
13	0
29	0
16	0
474	7
14	6
0	0
353	2
66	0
20	0
34	0
3	0
311	0
96	0
25	1
20	1
391	1
195	1
104	0
261	1
81	0
19	0
5	0
2	0
204	0
778	0
22	2
23	2
13	2
6	6
43	4
13	2
12	4
15	2
1	0
22	0
14	1
59	16
30	15
148	0
1102	0
1076	4
737	8
0	0
116	0
253	1
1372	2
140	0
3	0
106	0
37	0
37	0
87	4
423	4
266	1
19	2
126	1
606	0
140	0
24	0
5	0
674	0
53	0
5	0
612	0
218	0
528	0
86	0
97	0
702	0
55	0
0	0
178	0
118	0
660	0
240	0
941	0
104	0
58	6
99	6
17	0
52	4
3	0
3	0
90	0
30	0
6	0
146	0
211	0
58	0
119017	72
749	2
1049	0
30	0
902	0
12	0
24	0
2787	0
1840	0
114	3
236	7
42	12
66	5
1	0
944	0
45	0
5	0
0	0
1417	1
155	0
84	0
1480	1
577	0
1739	2
133	0
1456	1
0	0
42	1
6	1
461	0
1507	0
89	0
57	0
583	0
326	0
4159	2
147	1
102	3
0	0
18	569
8	50
3	49
0	9
7	0
90	0
11	0
18	0
399	21
97	5
135	5
63	0
14	0
2	0
40	0
18	0
83	0
5	0
213	0
258	0
230	0
526	0
638	0
53	0
59	4
20	0
22	0
0	0
18	0
17	0
51	0
0	0
1278	4
587	2
39	0
261	1
69	0
29	0
70	0
4	0
4	0
8	0
129	1
377	0
59	0
4	0
149	0
0	0
65	0
117	0
168	8
3085	9
1	0
238	0
625	0
840	11
321	11
1	0
178	0
127	0
0	0
272	0
51	0
119	0
220	0
1049	9
14899	17
1480	72
14217	134
418	49
244	2
46	0
27	0
381	0
2	0
14	0
39	0
101	1
1259	1
3389	28
429	38
812	54
1293	88
541	85
2513	48
2846	71
4780	122
2553	200
4258	222
8216	168
8470	87
521	0
44	0
191	2
500	0
28	0
107	0
283	1
1166	3
5	0
36	0
15	0
6	0
388	0
4	0
3	0
2	0
7	0
0	0
254	0
5	0
4	0
15	0
5	0
18	0
0	0
0	0
1	0
4	0
4	0
3	0
59	0
0	0
2	0
2	0
1	0
0	0
1	0
4	0
0	0
3	0
9	0
2	0
3	0
2	0
0	0
1	0
2	0
5	0
25	0
36	0
857	3
0	0
2	0
7	0
0	0
1	0
145	1
157	1
174	1
172	1
20	0
40	0
38	0
22	0
75	0
13	0
6	0
0	0
42	0
47	0
13	0
4	0
40	9
2	9
10	0
4	0
27	0
191	0
3	0
0	0
0	0
0	0
2	0
0	0
0	0
16	1
31	1
2	0
19	0
4737	4
103	0
15	2
165	10
116	7
133	0
944	12
136	10
39	0
358	1
0	0
14	0
15	1
26	0
456	1
20	1
62	0
62	0
1681	0
437	0
14	0
158	0
18326	13
100	0
301	3
77	0
18	0
32	0
36	0
32	0
3	0
133	0
6	0
0	0
0	0
31	0
200	0
199	0
1	0
1	0
15	0
7	0
6	0
59	1
3	0
3	0
0	0
1	0
0	0
3	0
7	0
225	0
113	0
74	0
373	1
12	1
11	1
9	0
267	0
29	0
52	0
1198	0
2043	98
757	114
4527	38
1885	43
1268	24
357	1
505	3
3182	2
5551	4
306	0
144	0
103	0
778	0
24537	9
589	0
77	0
137	0
921	6
245	6
247	0
23	0
117	1
141	0
251	1
430	1
191	0
22374	532
10026	678
67702	208
1441	1
27	0
69	1
61	3
340	3
125	2
87	2
129	0
432	2
119	0
67	0
2	0
24	0
0	0
94	0
143	0
24	0
28	0
27	0
42	0
23	0
27	0
42	0
219	0
72	0
50	0
10	0
62	3
42	4
1	0
118	0
10	0
81	0
1898	1
289	0
347	17
317	17
253	0
827	0
609	7
453	7
0	0
145	0
114	12
323	14
106	2
32	0
173	0
8	0
512	1
22	0
20	0
693	0
181	0
140	0
0	0
3	0
4	0
32	0
8	0
181	0
16	0
49	0
27	0
0	0
35	0
13	0
22	0
17	0
231	0
274	1
26896	16
34	0
15	0
765	3
18	0
86	2
97	2
0	0
79	0
2626	3
1082	12
378	9
9126	8
285	1
243	0
857	12
1898	17
5440	45
3152	124
2855	97
2628	36
8784	19
81	0
10	0
8	0
224	5
288	11
1616	6
139	0
265	0
0	0
134	0
268	0
87	0
9	0
46	0
4	0
2	0
21	0
45	0
55	0
32	0
285	0
583	0
211	0
1028	1
220	2
4	0
13	0
8	0
3	0
4	3
10	3
1	0
3	0
5	0
7	2
5	2
4	0
52	0
27	3
34	3
77	0
96	0
107	0
12	0
25	0
0	0
51	0
6	0
21	0
8	0
30	0
25	0
5	0
31	0
21	0
72	0
25	0
1	0
226	0
65	0
703	1
4	0
9	0
22	1
8	1
30	0
0	0
6	0
0	0
1	0
0	0
3	0
27	1
64	1
0	0
28	0
692	0
0	0
25	0
4	0
8	0
13	0
190	5
247	4
2	0
3	1
0	0
38	0
1	0
49	3
24	3
12	1
3	1
0	0
261	1
109	0
166	0
49	0
32	0
202	0
22	0
163	0
9	0
11	0
7	0
7	0
0	0
0	0
11	0
171	21
12	0
11	0
92	0
40	0
181	4
114	4
117	0
74	0
25	0
83	0
4	0
5	0
5	0
3	0
16	0
19	0
2	0
10	0
9	0
8	0
348	0
18	0
95	0
16	0
92	0
1189	1
0	0
8	0
26	0
8995	10
2949	6
61	0
60	0
3	0
3	0
4	0
22011	9
2557	5
330	0
3262	6
104	0
65	0
49	0
256	0
62	0
21	0
54	0
0	0
771	0
17	0
20	0
8	0
5	0
6	0
1	0
1	0
0	0
0	0
2	0
8	0
2	0
0	0
3	0
15	0
15	0
0	0
166	0
19	0
2	0
56	0
4	0
26	0
6	2
160	2
43	0
282	0
0	0
25	1
40	0
271	1
118	0
168	0
252	0
5	0
148	0
78	0
921	0
72	0
48	0
15	0
0	0
86	0
1	0
58	0
163	0
59	0
300	13
222	13
112	2
147	2
80	2
112	2
0	0
4	0
125	6
96	5
0	0
0	0
79	0
107	0
0	0
322	0
5	0
1230	2
100	0
147	0
190	0
70	7
55	7
28	3
32	3
34	0
124	0
447	0
56	0
0	0
25	1
39	1
130	0
40	0
2860	3
262	0
220	0
22	0
8	0
3	0
6	0
4	0
3	0
0	0
0	0
8	0
0	0
2	0
2	0
4	0
62	0
0	0
10	0
5	0
9	0
3	0
74	0
5044	99
2201	96
225	0
3	0
376	12
1682	11
34	0
19	0
47	0
410	0
247	0
2	0
145	0
71	0
6741	6
574	1
219	1
14	0
69	0
28	0
334	0
254	0
60	0
40	0
75	0
42	2
146	3
46	0
335	0
25	0
247	5
153	7
29	0
454	0
26	0
35	0
62	1
352	1
5	0
3	0
330	0
17	0
100	4
198	4
14	0
78	0
11	0
3	0
5	0
19	0
84	1
4491	6
61	0
6	0
3	0
308	0
150	0
0	0
7	0
1	0
4	0
3	0
4	0
0	0
11	0
59	0
1	0
4758	5
26	0
35	0
77	0
50	3
77	3
35	0
5	0
21	0
34	0
31	0
5	0
21	0
81	0
46	0
198	3
304	3
84	0
67	0
14	0
138	0
10	4
47	4
55	0
116	1
34	1
41	3
146	7
33	6
106	2
183	1
381	1
288	0
37	2
62	2
230	2
71	2
78	0
359	0
793	0
48089	37
148	0
15	0
287	1
2389	1
21556	21
5224	8
1730	1
26	0
35	0
267	1
1	0
1	0
7	0
7	0
47	0
129	0
127	0
91	0
53	0
113	3
412	2
124	1
93	1
0	0
7	0
6	0
4	0
41	0
1660	4
22	0
6	0
71	0
92	2
38	5
139	4
20	0
21	0
102	0
2926	2
367	0
34	3
80	3
20	0
32	0
56	0
63	5
306	5
96	0
38	0
26	0
394	0
22	0
1151	0
11	0
4	0
27	0
110	0
4586	0
0	0
59	0
928	0
203	0
2652	3
20	0
130	0
1	0
2	0
133	0
163	0
11	0
0	0
23	0
362	0
10	0
7	0
4	0
2	0
6	0
4	0
25	0
338	0
202	0
78	0
90	0
825	2
85	0
658	0
127	0
57	0
460	0
68	0
4	0
260	0
23	0
2	0
119	0
55	0
7	0
78	0
2	84
