"","SC2vsSC3_baseMean","SC2vsSC3_log2FoldChange","SC2vsSC3_lfcSE","SC2vsSC3_stat","SC2vsSC3_pvalue","SC2vsSC3_padj","SC2vsSC4_baseMean","SC2vsSC4_log2FoldChange","SC2vsSC4_lfcSE","SC2vsSC4_stat","SC2vsSC4_pvalue","SC2vsSC4_padj","SC4vsSC5_baseMean","SC4vsSC5_log2FoldChange","SC4vsSC5_lfcSE","SC4vsSC5_stat","SC4vsSC5_pvalue","SC4vsSC5_padj","SC5vsSC6_baseMean","SC5vsSC6_log2FoldChange","SC5vsSC6_lfcSE","SC5vsSC6_stat","SC5vsSC6_pvalue","SC5vsSC6_padj","SC2vsSC5_baseMean","SC2vsSC5_log2FoldChange","SC2vsSC5_lfcSE","SC2vsSC5_stat","SC2vsSC5_pvalue","SC2vsSC5_padj","SC2vsSC6_baseMean","SC2vsSC6_log2FoldChange","SC2vsSC6_lfcSE","SC2vsSC6_stat","SC2vsSC6_pvalue","SC2vsSC6_padj","KEGG","KEGGDefinition"
"SCLAV_SC2_00470",107.764342839421,1.40674718252454,0.236467849983063,5.94899975884796,2.69786037181368e-09,1.80441310582343e-07,139.215708270473,1.86214575956116,0.233581795539124,7.97213565065373,1.559554831006e-15,8.75137695273889e-14,138.171409209166,-3.4007781822083,0.323500854966503,-10.5124240940891,7.57217495736603e-26,1.69480590057002e-24,96.7866076843975,2.82896356526353,0.31419417636545,9.00387014803567,2.1789783027984e-19,3.29225778802468e-18,45.7336941030203,-1.58074486103968,0.38937211080832,-4.05972800095548,4.91299136893645e-05,0.000202673367711102,103.316161945904,1.28189326896825,0.232069124270547,5.5237562213309,3.31827794463513e-08,1.08820554995777e-06,NA,NA
"SCLAV_SC2_00620",1484.5816340808,1.33012702591683,0.134618176431915,9.88073870239627,5.04595495878176e-23,1.62416675235788e-20,578.100099950488,-1.50374758615612,0.143681472990097,-10.4658419409423,1.23969496952222e-25,1.62883824410151e-23,380.150979179497,0.225247870268567,0.196041241604724,1.14898206328815,0.250563376872767,0.359096990514881,2854.29695597296,3.68608396107049,0.179512211627378,20.5338897429545,1.07237288325156e-93,2.0405245269121e-91,689.220869335064,-1.31593975883043,0.226117650798701,-5.81971267692824,5.89488728721748e-09,4.44524111893764e-08,2701.15579747215,2.39793885408323,0.124455024422837,19.2675134266674,1.00657474026207e-82,1.92557747812134e-79,NA,NA
"SCLAV_SC2_00625",1435.44851041677,1.52433261599542,0.139925382327276,10.8938963799299,1.23251725464217e-27,7.05273762378573e-25,479.167050181493,-1.79541205736275,0.162439745445502,-11.0527879272324,2.12510981972012e-28,3.69289245123622e-26,284.296907639273,0.313460445519382,0.239519259965523,1.30870663830751,0.190633742219041,0.288484994555834,263.198885191791,-0.614381141886881,0.247530227561283,-2.48204491200887,0.0130630809619548,0.0295472139588941,589.531752648877,-1.51563707152325,0.24961195404402,-6.07197310452509,1.26348097718125e-09,1.03195570964683e-08,464.470331548487,-2.10808669922841,0.1673134479601,-12.5996249849034,2.12150792669277e-36,9.36564153176137e-34,NA,NA
"SCLAV_SC2_04930",56.1183907969427,-2.2897331895392,0.311490462222995,-7.35089342125662,1.96886367438056e-13,2.41420188644283e-11,52.6454727951954,-3.16605162174741,0.365859915996268,-8.65372642183549,4.98446097761738e-18,3.62855287654390e-16,13.9675862806024,0.352574236998135,0.54968737044902,0.641408655087218,0.52125721115581,0.629807891598174,20.6413620373559,0.703030454805612,0.449312445033016,1.56468057490362,0.117657825415889,0.196292570482248,62.2377992284029,-2.85694324901039,0.35824643882014,-7.97479874027369,1.52629331892997e-15,2.05745690093813e-14,58.4994760088741,-2.12192335840956,0.302655204533081,-7.01102550568441,2.36577597508642e-12,1.42917771800221e-10,NA,NA
"SCLAV_SC2_09335",194.702921074485,-1.32191639868298,0.19802796384279,-6.67540267056637,2.46554250042629e-11,2.26741854949917e-09,193.836142025894,-1.42925366465868,0.196308917512886,-7.28063545337851,3.32251392061631e-13,1.37679865310462e-11,144.545845307633,0.459681262292141,0.367315598625889,1.25146131558743,0.210766218861643,0.312804474858551,157.111647092212,-0.19295927410451,0.351518249673868,-0.548931027858535,0.583052783868785,0.688825844194224,241.479216474785,-1.00579941837787,0.338965778841897,-2.96725947325497,0.00300467271620219,0.0082466084954144,205.006766751961,-1.16916012641328,0.178511289570387,-6.54950243890475,5.77290983295622e-11,2.91292880026017e-09,"K10805","tesB; acyl-CoA thioesterase II [EC:3.1.2.-]"
"SCLAV_SC2_12950",16.0338042850247,-2.03213466534086,0.563556670859213,-3.60591005380633,0.000311060874958824,0.00576245865481274,17.4267808768287,-1.57595763761392,0.508367822354693,-3.10003420419941,0.00193498296042346,0.00726900502636067,11.7767416780455,0.417882750012749,0.570528104093541,0.73244901875024,0.46389454891692,0.578754451842905,10.8313272239026,-0.688840116626957,0.625354001828551,-1.10152028229254,0.270670282088627,0.384558011684417,21.3644910351351,-1.2016988137469,0.515081207284294,-2.33302787357108,0.0196466824312665,0.0425398848804928,16.664916923449,-1.85430710260122,0.539643385584113,-3.43617127928679,0.000589997846025478,0.00630539597456279,NA,NA
"SCLAV_SC2_13095",145.195986981302,-5.8626301045605,0.421838990361197,-13.8977909546499,6.53265944910502e-44,8.41079904072271e-41,147.078906159334,-5.32363148170684,0.36178785472427,-14.7147877193505,5.18085540512109e-49,2.32577233894894e-46,11.2743715269017,0.712412263841601,0.580579987409968,1.2270699632961,0.219796296097789,0.323522824009948,10.9498902333431,-0.871342440013492,0.603392300883801,-1.44407285067645,0.148718484051562,0.237178326189094,175.659375966969,-4.63953075996703,0.338099914242333,-13.7223659768268,7.45909978907931e-43,4.54482950148602e-41,148.458777830606,-5.50283996552146,0.374249425835379,-14.7036697604501,6.10590171579623e-49,4.38022124336932e-46,NA,NA
"SCLAV_SC2_13525",200.0294729547,-1.33960708527799,0.217289780164663,-6.16507175009717,7.04511880387964e-10,5.1831945485686e-08,193.529922802635,-1.60437193215316,0.202896929381469,-7.90732485229857,2.62978743429101e-15,1.44557805189037e-13,76.9796393222759,-1.37493925084945,0.277323355331044,-4.95789202178146,7.1262148351518e-07,3.78881315434761e-06,94.1231911080712,1.76293572897848,0.25031066815563,7.04299078408586,1.88156678421295e-12,1.82434078806889e-11,186.746407717831,-3.01559249160796,0.269406917885043,-11.1934486140208,4.39019562143001e-29,1.21588463278968e-27,208.735663149501,-1.22415817020043,0.184914796039707,-6.62012016570899,3.58906991640988e-11,1.94317662738455e-09,NA,NA
"SCLAV_SC2_16925",146.592505006872,-1.18976223219097,0.203707323011914,-5.84054718603019,5.20296456479678e-09,3.30805771712388e-07,136.38370290663,-1.65526703639023,0.216616661740589,-7.64145760113553,2.14776255074688e-14,1.06146760191499e-12,55.3605497528735,-1.11029118142345,0.3999256199484,-2.7762441965251,0.00549908887303059,0.0138777682032225,66.4201453030695,1.47639490571016,0.379689177226493,3.88843031158998,0.000100894630426806,0.000375747648115488,134.587345132024,-2.80912956660754,0.347111703209345,-8.09286906962435,5.82754965937924e-16,8.14386698958663e-15,146.10216325308,-1.3051177868924,0.203754110507594,-6.40535684723652,1.50018085529613e-10,6.94317574882620e-09,NA,NA
"SCLAV_SC2_18005",143.532898183996,-1.04497092317857,0.213043073323349,-4.90497488079581,9.34392962962007e-07,3.61813816485288e-05,129.566947800952,-1.62279298684252,0.225658097965114,-7.19137935432476,6.41399961062299e-13,2.50378376104536e-11,53.4427234280063,-1.1438835666075,0.331292085552956,-3.45279472854976,0.000554811020459534,0.00177968365983155,56.5336515407074,1.24992824584659,0.306667024497746,4.07584821972203,4.58469174066978e-05,0.000181038832742791,128.513791575298,-2.80996355761765,0.307703969569141,-9.13203544807132,6.72232973087023e-20,1.18379060838706e-18,132.813948479613,-1.52915152747383,0.212315929637533,-7.20224587050254,5.92287641021274e-13,3.86265769525124e-11,NA,NA
"SCLAV_SC2_19600",2515.77237947627,-1.20013347676659,0.140960501415978,-8.51396997535475,1.68077553912628e-17,3.46239761060014e-15,2459.23616548989,-1.40271919234529,0.127725030862928,-10.9823359044686,4.64748531216452e-28,7.58666768988796e-26,1340.84674013806,-0.477193772823414,0.191311647423685,-2.49432681830712,0.0126196291021534,0.0289834371692808,1537.33769890267,0.804361184132994,0.186906391499006,4.30355097908608,1.68082149643726e-05,7.0729247351807e-05,2563.10376033922,-1.91868416314132,0.215382027676506,-8.90828349904431,5.18287273303209e-19,8.46628513736314e-18,2630.64839344139,-1.08473108347991,0.122620803387449,-8.84622391563078,9.05305184459763e-19,1.15456587858102e-16,NA,NA
"SCLAV_SC2_22070",138.189533685133,-2.49665914197269,0.23024916056795,-10.8432931343343,2.14604160634556e-27,1.10521142726796e-24,136.619005345258,-2.74808789794086,0.235869193488352,-11.650897929053,2.27053650663853e-31,4.21771729698682e-29,31.7325861165931,-0.866496104917077,0.375221013776936,-2.30929525027135,0.0209272030511975,0.0450995187284371,76.0541976340184,2.52181493448952,0.297013233816022,8.49058104950166,2.05606505849209e-17,2.7515121189359e-16,147.227964436515,-3.6570804578217,0.310576295650692,-11.7751435284515,5.24277886719728e-32,1.68127640199121e-30,175.404847545024,-1.10686452532119,0.190525352745279,-5.80953930472968,6.26449861947246e-09,2.39679717181016e-07,NA,NA
"SCLAV_SC2_24040",101.55925421731,-1.14745093256953,0.263661346624346,-4.35198768139638,1.34908843779241e-05,0.000388145556124632,90.8240337529718,-1.84599462668553,0.275312635187284,-6.70508502245011,2.01289132960093e-11,6.45443190033347e-10,53.3737795262003,0.417299466106119,0.378268923580826,1.10318199590867,0.269948138277864,0.380833350884918,65.2561497062395,0.185046845246374,0.336301882818286,0.550240289158179,0.582154573088005,0.688432549142137,110.269906110186,-1.47149094659597,0.346036568070525,-4.25241457803404,2.11477893811378e-05,9.30350041149983e-05,101.316312487078,-1.25256777237476,0.246178267312732,-5.08805178478066,3.61760599078984e-07,1.00783693112344e-05,"K06949","rsgA, engC; ribosome biogenesis GTPase / thiamine phosphate phosphatase [EC:3.6.1.- 3.1.3.100]"
"SCLAV_SC2_24585",566.946281742201,-1.44748169772948,0.257520339387257,-5.62084416777956,1.900266218699e-08,1.09959225014605e-06,607.443564246398,-1.16462535808132,0.236149536392499,-4.93172832719698,8.15052226584335e-07,8.08597853519302e-06,262.163749754608,-2.2683644817276,0.214028388962641,-10.5984280530353,3.03030756538791e-26,6.96504538875313e-25,247.072597955599,2.16296695389939,0.220186843655117,9.8233251269421,8.93468220207726e-23,1.64858424025601e-21,525.10671296031,-3.47537080599558,0.335432287214207,-10.3608714440068,3.73543077337704e-25,8.52433696711098e-24,596.665763009947,-1.28254778757536,0.238307320869215,-5.38190678698971,7.3700929057255e-08,2.27403027881498e-06,"K01431","UPB1, pydC; beta-ureidopropionase [EC:3.5.1.6]"
"SCLAV_SC2_27905",183.119154660808,-1.7580570102588,0.201474395092823,-8.72595750665403,2.63937786245463e-18,5.90991130071364e-16,173.16810820971,-2.30095335604892,0.214934635598299,-10.7053632823947,9.60531682803694e-27,1.43732893757319e-24,58.9898887240841,-0.430410668269516,0.310407942169511,-1.3865968288739,0.165564735835347,0.257801939180656,71.7664192910666,0.892831626625416,0.271588187267063,3.28744646668841,0.0010110040892251,0.00308417029022626,187.678077419681,-2.76643088831894,0.267335836259634,-10.3481483329164,4.26657567821582e-25,9.62823911384036e-24,184.491951106045,-1.84625044685,0.191620552676908,-9.63492914021059,5.69312654675105e-22,1.05396300812272e-19,NA,NA
"SCLAV_SC2_27910",144.455066271993,-1.87626026838575,0.217586581263435,-8.62305137334793,6.51931902448479e-18,1.39893720733736e-15,150.893189052765,-1.70296004869256,0.208069572213846,-8.18457033660994,2.73276893729855e-16,1.62425678890356e-14,58.6978883359295,-1.21798126097348,0.312376553438438,-3.8990802848893,9.65587569932368e-05,0.00036064695736974,61.4586378363312,1.31165519892773,0.29711221328089,4.41467950591344,1.01159746381796e-05,4.40917462933969e-05,148.43325589463,-2.95711713124506,0.285728176658256,-10.3494067887533,4.21086733552914e-25,9.53784932170225e-24,153.543872005588,-1.61560889406314,0.197165326722056,-8.19418363727141,2.52299626622726e-16,2.54025887225934e-14,NA,NA
"SCLAV_SC2_27915",205.055382765112,-2.28263269337335,0.203052085603143,-11.2416116613284,2.54689628077305e-29,1.87378797799732e-26,205.333722601652,-2.38237115689308,0.195380784072464,-12.1934773074178,3.3673965853608e-34,7.88702843710376e-32,51.5791870002693,-1.52473389499318,0.333470516980374,-4.57231994240412,4.8235367083393e-06,2.25198870070591e-05,59.7666776128857,1.79131942839187,0.344312009403979,5.2026051356522,1.96514119092672e-07,1.1120580586945e-06,210.218305976727,-3.94567419929787,0.295049750230515,-13.3729115046368,8.7064977459877e-41,4.69457440409762e-39,213.315851098727,-2.13268653192811,0.20085946368723,-10.6178045723006,2.46285263030496e-26,5.88929635221673e-24,NA,NA
"SCLAV_SC2_27920",7590.42685812693,-1.47147725007141,0.132360683254345,-11.1171778045586,1.03494154261604e-28,6.66243618059074e-26,8228.89921406083,-1.14140287899619,0.123103393654544,-9.27190425147198,1.82851766053959e-20,1.49245827838285e-18,4072.08444762322,-1.44099214038687,0.283531202705672,-5.08230532172764,3.72881402028688e-07,2.08061555417688e-06,3266.91194181827,0.982793915736168,0.283057441099538,3.47206528794474,0.000516470716233123,0.00167632739399973,7525.79240428953,-2.6169293983264,0.288800262475953,-9.06138164796264,1.2880847465466e-19,2.23598300874884e-18,7555.25004234,-1.60912724576168,0.124272153595479,-12.9484136164533,2.39859543951625e-38,1.14712826894864e-35,NA,NA
"SCLAV_SC2_27925",42.6011161621679,-2.55995643350883,0.375577086309508,-6.81606127430042,9.35703993890684e-12,9.26706840103274e-10,40.5185088297816,-3.39929692497868,0.425874994294703,-7.98191246379303,1.44083199689569e-15,8.25719358220969e-14,7.81762304576682,-0.0693813263693324,0.666320074738078,-0.104126123464921,0.917069260011316,0.945223507731566,10.2717453741695,0.749788954765262,0.581849181756332,1.28863110626365,0.197526363902484,0.297412964837345,45.9234444459267,-3.51833891205415,0.433438175084981,-8.11727972822038,4.76749035722729e-16,6.69964169851577e-15,42.7547734063313,-2.73618416391505,0.37227666926011,-7.34986742347605,1.98403544627334e-13,1.37185294291117e-11,NA,NA
"SCLAV_SC2_28155",32.5137644370116,-2.1603694564963,0.417319568646102,-5.17677487184492,2.25754353938719e-07,9.93705062208892e-06,33.322612722449,-1.99371830540807,0.396645118530023,-5.02645365407959,4.99633160874667e-07,5.31921707041864e-06,9.21624842717546,-2.62028454876554,0.707978872161381,-3.7010773227824,0.000214686037922271,0.000753797745372202,7.6901419250151,2.28823816737771,0.738960133087468,3.09656511213556,0.00195776860603408,0.00557570301316254,32.6673992871356,-4.65400625920933,0.622839843147363,-7.47223593739844,7.88434766096598e-14,9.58868868228856e-13,32.3613054470708,-2.34377601257852,0.41379265854716,-5.66413145367923,1.4777109474663e-08,5.20281173466814e-07,NA,NA
"SCLAV_SC2_28160",65.6807419581102,-1.8062280700688,0.313458078272,-5.76226358569539,8.29932494712199e-09,5.08827660448551e-07,70.0902489345612,-1.48696934172854,0.282843156575076,-5.25722227022964,1.46247515243367e-07,1.81589082014027e-06,26.1597562880642,-2.18862799843124,0.433781188994295,-5.0454654419328,4.52418664578492e-07,2.4736083618674e-06,25.7228470627541,2.15730057586161,0.443223909064548,4.86729287780238,1.13137302919727e-06,5.759975229751e-06,64.1858290560127,-3.71747264793525,0.41483327729633,-8.96136556875047,3.20681986817202e-19,5.35319272788277e-18,70.1557233438365,-1.52474695116835,0.286003630062978,-5.33121537944327,9.75576303480032e-08,2.93132586684393e-06,NA,NA
"SCLAV_SC2_29295",39.7152393957397,1.13606536329213,0.328031175583022,3.46328473588818,0.000533623382522209,0.0091246744741645,13.748902974519,-3.46992665525405,0.713406071108889,-4.86388719661516,1.1510252811039e-06,1.09744658217818e-05,6.11319687628674,1.8323797319871,0.906910058386381,2.02046467016515,0.0433352112370293,0.083836588654091,7.43860917935207,-0.791182541228944,0.756410978846226,-1.04596914026255,0.295575280426883,0.411843909043316,19.0592018866135,-1.67180419966126,0.517062102755207,-3.23327544361291,0.00122379505167399,0.00371904007460616,14.9446459236306,-2.42302359919505,0.578895218929798,-4.18559960414682,2.84414315225849e-05,0.000521486822709632,NA,NA
"SCLAV_SC2_30880",26.0182772078437,1.41459139676469,0.402250437185371,3.51669324877028,0.000436958447477984,0.00768032766044921,70.1144805390566,3.12852961697718,0.321643588202252,9.7266966659069,2.32004881066266e-22,2.40348133519995e-20,74.2464768609621,-5.62116619422493,0.537448959284059,-10.4589767960718,1.33287199658074e-25,2.9500900190987e-24,1.46196959585598,-3.82939388510122,1.81800939797666,-2.10636638587408,0.0351725388109029,0.0704492068485487,9.59554721213344,-2.53508916149784,0.733871294662842,-3.45440567022385,0.00055150710972445,0.00182726091329585,7.22555919005646,-6.34264519156946,1.31813588079953,-4.81182955714873,1.49554873764991e-06,3.69954922645381e-05,"K06147","ABCB-BAC; ATP-binding cassette, subfamily B, bacterial"
"SCLAV_SC2_31725",367.799064773833,1.79088706318831,0.184773231712202,9.69235124911249,3.24959970221753e-22,9.29746581467794e-20,559.822941327331,2.50515581347031,0.179148265057002,13.9837012246432,1.96022676675186e-44,7.5426725660659e-42,599.509835631672,-3.48328372550352,0.279003509321856,-12.4847308694072,9.04486604686411e-36,3.10644364919885e-34,262.182509127128,2.11539478043304,0.279861916741637,7.558708969988,4.0708959004964e-14,4.43949254529846e-13,142.588994991686,-1.02270825707096,0.317121153655047,-3.22497646493626,0.00125983025106146,0.00380761196414557,267.842941937871,1.12787537302034,0.184083473365893,6.12697789974071,8.9563906768017e-10,3.8939944010731e-08,"K01638","aceB, glcB; malate synthase [EC:2.3.3.9]"
"SCLAV_SC2_31730",139.610973033638,1.9313905014513,0.221147990002831,8.73347526887571,2.46964737173144e-18,5.78121998382588e-16,199.754131828458,2.53039885432816,0.243746617445309,10.3812675673168,3.01741912846841e-25,3.69428110114985e-23,214.171307381589,-3.52669729778714,0.356473550008516,-9.89329305835705,4.45139160440589e-23,8.75049875918737e-22,92.1719083351441,2.13248366251304,0.337467274758438,6.31908283266723,2.63120221309361e-10,2.06195499041531e-09,50.0808264844446,-1.04024692718938,0.393488046531893,-2.64365572565128,0.00820160287623526,0.0196927597871052,94.3184564091932,1.12830292235572,0.237772440540967,4.74530572083404,2.08191651584572e-06,4.99921292235925e-05,"K00074","paaH, hbd, fadB, mmgB; 3-hydroxybutyryl-CoA dehydrogenase [EC:1.1.1.157]"
"SCLAV_SC2_32190",23.9473390940003,-1.72819980443637,0.420135197993721,-4.11343732372121,3.89810911915199e-05,0.000974527279787998,23.8610264090376,-1.86436428393099,0.424525409726424,-4.39164356529905,1.12497015135887e-05,8.16740458944776e-05,11.0478278484896,-0.208741188874738,0.591994163750253,-0.352606835770766,0.72438321216691,0.799873258667675,11.3967014323667,0.305933206007185,0.668718483640238,0.45749177492718,0.647317612873738,0.742281910506251,26.2097256493452,-2.11237231586042,0.469128391120599,-4.50275949152136,6.70767781216902e-06,3.22826863424533e-05,24.1992440423837,-1.7667942901078,0.444439695638916,-3.975329628394,7.0281842877445e-05,0.00109012836830718,NA,NA
"SCLAV_SC2_32475",60.694265470028,-2.3028420067597,0.432698697943178,-5.32204514990732,1.02607096087798e-07,4.89283837826073e-06,61.2701672512321,-2.32969568875555,0.723622473994306,-3.21949051125502,0.00128418610711628,0.00501297866596767,13.3387178391828,-2.85841486918267,0.723955007574853,-3.94833220196646,7.86975480406044e-05,0.000299934022379242,19.3549111796183,3.45153923354109,0.614071794939697,5.62074217051451,1.90138856589169e-08,1.22903980655143e-07,60.0269942386679,-5.2484936589,1.13545110682571,-4.62238631619534,3.79350713643072e-06,1.90551022112715e-05,66.7350940020863,-1.74663309084442,0.655245001604031,-2.66561833599445,0.00768468808306627,0.0451869107671284,NA,NA
"SCLAV_SC2_32565",103.167834725035,-1.25232415263699,0.244945603899563,-5.11266229195315,3.17649877297314e-07,1.35198088271171e-05,98.5623993907843,-1.59460868224578,0.23172313573271,-6.88152556370178,5.92149453659276e-12,2.07136954991073e-10,37.8941333233872,-1.56154492389866,0.361877442132127,-4.31512092795359,1.59515557878164e-05,6.81877663719535e-05,47.8447756164341,1.99848378463543,0.339997313572438,5.87793992733898,4.15403602424701e-09,2.90400979926981e-08,93.2295541624373,-3.19483950610756,0.337192305795716,-9.47482920337785,2.67197466058778e-21,5.00933587906502e-20,107.223431614356,-1.16549735744896,0.217081140594532,-5.36894800836659,7.91972446290981e-08,2.41762227088507e-06,NA,NA
"SCLAV_SC2_32890",713.172174120252,-1.01560908421021,0.215294910836089,-4.71729257447906,2.39003870394754e-06,8.4887581553999e-05,619.476632878969,-1.84240497897565,0.195354609127101,-9.43108016344244,4.05887292067257e-21,3.64419140394385e-19,180.413494143792,-2.68911323138628,0.264074128134132,-10.1831756499084,2.35740035310495e-24,5.04939946600544e-23,226.0459473795,3.05870653902955,0.24381155936698,12.5453712981083,4.21434348395429e-36,1.4580191746476e-34,576.16225871913,-4.57584201925104,0.30172916174725,-15.1653953259052,5.99369347175969e-52,5.45068273484056e-50,660.481979824121,-1.4833315460859,0.186807795918381,-7.94041564910915,2.01504849248635e-15,1.77913281513526e-13,NA,NA
"SCLAV_SC2_33005",25.0853224672591,-1.17017840895878,0.406981652294667,-2.87526084372849,0.00403693841206085,0.0424290465757416,26.3502266235254,-1.03077071319503,0.39689100399301,-2.59711281642752,0.00940110411293556,0.0284355687009455,13.3108664931083,-1.61370639159029,0.540588962580447,-2.98508941782204,0.00283495438916535,0.0076902802676587,11.2937067438835,1.30044765924043,0.590623134758767,2.20182309616366,0.0276778069573362,0.0572258630095824,23.1901789567268,-2.67780039081807,0.51155743178804,-5.23460363278936,1.65339284702096e-07,1.01247463486419e-06,24.5964155885911,-1.34796985667345,0.423275927812068,-3.18461260870932,0.00144947903586651,0.012937107600059,NA,NA
"SCLAV_SC2_33210",525.101943977837,-1.21096961282798,0.157183389673087,-7.70418309050704,1.31682936267283e-14,2.05505188417123e-12,512.627391860512,-1.40223695407966,0.150621521658419,-9.30967194223194,1.28227787401813e-20,1.0793173292712e-18,217.999110165412,-1.572170874893,0.200319405134047,-7.84832040530951,4.21645873258161e-15,5.16343389055485e-14,269.403813133213,1.96368188147204,0.195974103702417,10.0201090061055,1.24365704829415e-23,2.38884156689686e-22,478.375090689662,-3.01284478480661,0.234383519101616,-12.8543371835816,8.13198954513055e-38,3.59045016655655e-36,558.394953904652,-1.02037198920806,0.14758359781687,-6.91385766644737,4.71648416453014e-12,2.70679026202385e-10,NA,NA
"SCLAV_SC2_33280",24.0086427703389,-1.54289859290894,0.43272231234809,-3.56556283066773,0.000363076162635612,0.00653790992158533,25.5044023357001,-1.28960126497183,0.424116201522958,-3.04067908828054,0.00236045267770173,0.00864429542813001,13.1658856106701,-0.87345662403113,0.611614561488167,-1.4281161356032,0.15325843391889,0.241654987097437,14.5150243079704,1.06558241978636,0.553199449916969,1.92621742473948,0.05407723098512,0.101911562819064,25.0469680668735,-2.20039055459429,0.497106597106303,-4.42639580203308,9.58206352008996e-06,4.46357133240888e-05,26.6825227230443,-1.11407076019168,0.391104997142858,-2.84852090443822,0.0043922967718708,0.0291414926864353,"K03688","ubiB, aarF; ubiquinone biosynthesis protein"
"SCLAV_SC2_33510",31.5882633411414,-1.18474883574474,0.394369209693226,-3.00416159939651,0.00266313832244972,0.0309597344483433,30.6016878290367,-1.41982395684203,0.381659814315884,-3.72012955932244,0.000199120605527836,0.000998754843555359,9.7247870942965,-5.90814463250316,1.29850935319144,-4.54994383982085,5.36602352716421e-06,2.48391608042861e-05,12.9097305301482,6.32324924306635,1.26595382344752,4.99484983255274,5.88815657435059e-07,3.14564405696085e-06,25.5865806622665,-7.37481966836081,1.24624804922645,-5.91761782330444,3.26637860710872e-09,2.56139573399144e-08,33.4041210820761,-1.01830436140636,0.352282342075456,-2.89059155053604,0.00384517515173203,0.0264280960428624,"K00612","nodU; carbamoyltransferase [EC:2.1.3.-]"
"SCLAV_SC2_33695",96.4733618161115,-1.83141699669944,0.254561416289961,-7.19440134876272,6.27354064570162e-13,7.34289416485531e-11,88.1640195025755,-2.68945386938041,0.271659831366404,-9.90007928611642,4.15945156530289e-23,4.48139311645733e-21,19.1798070150324,-1.28523059274968,0.536213588541581,-2.39686315344099,0.0165360982165496,0.0367496180521013,31.1424078705366,2.18424727699011,0.466552052851183,4.681679704637,2.84533810396254e-06,1.35353622773656e-05,92.5077500861595,-4.02166851091743,0.390760667668286,-10.2918969171467,7.6651210090568e-25,1.71704346721261e-23,98.7397439514658,-1.81345282531275,0.23720080905628,-7.64522192199809,2.08585265960472e-14,1.61752743393423e-12,NA,NA
"SCLAV_SC2_33700",564.927358896518,-1.49997302008229,0.184966524991405,-8.10942963950906,5.08579193821787e-16,1.00737801853162e-13,556.675091014122,-1.68711625904563,0.184907670794899,-9.12410097316618,7.2334111899524e-20,5.73035089415788e-18,177.344318533852,-2.64511563191491,0.26714112500314,-9.90156656667451,4.09804745705603e-23,8.08248567767881e-22,143.992725956942,2.29224533133193,0.258208992526613,8.87748063652615,6.83917392998566e-19,1.01322944184143e-17,506.39050192311,-4.3664414080173,0.28511779092833,-15.3145175325622,6.11640476332838e-53,5.82300847233747e-51,528.645939572189,-2.04787276155208,0.17662633459115,-11.5943795487374,4.40042968623828e-31,1.48553329231303e-28,NA,NA
"SCLAV_SC2_33730",140.333216860922,-1.26552350815491,0.209847396844366,-6.03068480803452,1.6326634371508e-09,1.15181050703104e-07,149.997903085924,-1.02422208321669,0.19816690612211,-5.16848197945606,2.36003038915652e-07,2.7578055762226e-06,62.773831592202,-3.35813565427844,0.365513213203452,-9.18745351186315,4.02250802153684e-20,6.75238986986072e-19,56.2557292927001,3.18417563536097,0.384150252668489,8.28888075236756,1.14319084624403e-16,1.4747646319449e-15,120.326352246912,-4.42220782507225,0.359469359976818,-12.302043838611,8.83108877026914e-35,3.34210086194099e-33,144.723494750131,-1.20525445318002,0.207748375120682,-5.80151085407951,6.57200417542693e-09,2.48136394491942e-07,NA,NA
"SCLAV_SC2_34150",14.1563077475857,-2.92075151785685,0.626280152707328,-4.66365013361963,3.10649357039849e-06,0.000108097580321299,14.8428486554691,-2.58634027168299,0.581681655823916,-4.44631568795065,8.73555486861033e-06,6.61862645248999e-05,5.71778672503957,0.394161622455722,1.07399294454202,0.367005783845073,0.713614703718562,0.790505115533931,6.33659139046484,-0.0595015361102437,1.0206581217842,-0.058297224937798,0.95351187793656,0.967655637459286,17.5337417023898,-2.22237236145742,0.691982535406724,-3.21160180748086,0.00131997191641824,0.0039677300871911,15.4068224001957,-2.2344534642199,0.540110881323534,-4.13702730584581,3.51834254610044e-05,0.000615602679026538,NA,NA
